municipio,total,5 estrellas,4 estrellas,3 estrellas,2 estrellas,1 estrellas,sin categoria,año
BOLAÑOS,28,0,0,0,0,8,20,2013
CHIMALTITÁN,8,0,0,0,0,0,8,2013
COLOTLÁN,138,0,62,0,0,76,0,2013
HUEJÚCAR,41,0,0,0,0,41,0,2013
HUEJUQUILLA EL ALTO,77,0,0,60,0,0,17,2013
MEZQUITIC,52,0,21,0,9,0,22,2013
SAN MARTÍN DE BOLAÑOS,22,0,0,0,0,10,12,2013
TOTATICHE,119,0,0,0,0,5,114,2013
VILLA GUERRERO,18,0,0,0,0,0,18,2013
ENCARNACIÓN DE DÍAZ,162,0,9,82,71,0,0,2013
LAGOS DE MORENO,803,147,108,162,280,26,80,2013
OJUELOS DE JALISCO,132,9,0,0,0,18,105,2013
SAN DIEGO DE ALEJANDRÍA,123,0,0,6,0,92,25,2013
SAN JUAN DE LOS LAGOS,3787,210,560,776,681,1258,302,2013
TEOCALTICHE,70,0,0,0,44,16,10,2013
UNIÓN DE SAN ANTONIO,40,0,0,20,0,20,0,2013
VILLA HIDALGO,322,0,24,27,28,74,169,2013
ACATIC,79,0,0,0,53,10,16,2013
ARANDAS,328,23,37,122,116,30,0,2013
CAÑADAS DE OBREGÓN,14,0,0,0,0,0,14,2013
JALOSTOTITLÁN,129,0,0,32,38,40,19,2013
JESÚS MARÍA,36,0,0,0,0,0,36,2013
MEXTICACÁN,10,0,0,0,0,10,0,2013
SAN IGNACIO CERRO GORDO,6,0,6,0,0,0,0,2013
SAN JULIÁN,93,45,48,0,0,0,0,2013
SAN MIGUEL EL ALTO,94,0,62,0,0,0,32,2013
TEPATITLÁN DE MORELOS,545,0,295,163,48,0,39,2013
VALLE DE GUADALUPE,25,0,0,0,0,0,25,2013
YAHUALICA DE GONZÁLEZ GALLO,112,0,0,24,18,45,25,2013
ATOTONILCO EL ALTO,144,30,19,0,44,18,33,2013
AYOTLÁN,78,0,0,42,33,0,3,2013
CHAPALA,692,95,218,94,41,55,189,2013
DEGOLLADO,39,0,0,0,0,39,0,2013
JAMAY,87,0,0,0,15,18,54,2013
JOCOTEPEC,344,69,23,32,50,23,147,2013
LA BARCA,368,0,0,89,49,123,107,2013
OCOTLÁN,356,0,72,107,0,42,135,2013
PONCITLÁN,77,0,0,0,0,59,18,2013
TIZAPÁN EL ALTO,25,0,0,0,0,8,17,2013
TOTOTLÁN,25,0,0,0,0,0,25,2013
TUXCUECA,22,0,0,5,0,0,17,2013
ZAPOTLÁN DEL REY,20,5,0,0,0,0,15,2013
CONCEPCIÓN DE BUENOS AIRES,140,0,0,0,0,0,140,2013
LA MANZANILLA DE LA PAZ,85,0,10,26,9,15,25,2013
MAZAMITLA,558,39,119,106,30,53,211,2013
PIHUAMO,14,0,0,14,0,0,0,2013
QUITUPAN,16,0,0,16,0,0,0,2013
SANTA MARÍA DEL ORO,70,0,0,0,0,12,58,2013
TAMAZULA DE GORDIANO,101,0,0,32,24,27,18,2013
TECALITLÁN,65,0,0,0,0,48,17,2013
VALLE DE JUÁREZ,10,0,0,10,0,0,0,2013
AMACUECA,14,0,0,0,0,0,14,2013
ATEMAJAC DE BRIZUELA,29,0,0,0,0,0,29,2013
ATOYAC,24,15,0,0,0,0,9,2013
GÓMEZ FARÍAS,42,0,0,0,8,0,34,2013
SAN GABRIEL,28,0,0,0,10,0,18,2013
SAYULA,151,33,59,10,22,18,9,2013
TAPALPA,746,80,114,189,8,12,343,2013
TONILA,7,0,0,7,0,0,0,2013
TUXPAN,53,0,0,10,10,19,14,2013
ZACOALCO DE TORRES,70,0,0,0,0,34,36,2013
ZAPOTILTIC,84,0,0,0,20,12,52,2013
ZAPOTITLÁN DE VADILLO,10,0,0,0,0,0,10,2013
ZAPOTLÁN EL GRANDE,778,156,146,311,157,0,8,2013
ATENGO,15,0,0,0,0,0,15,2013
CHIQUILISTLÁN,17,0,0,0,0,0,17,2013
EL GRULLO,118,0,60,0,23,0,35,2013
EL LIMÓN,11,0,0,0,0,11,0,2013
JUCHITLÁN,8,0,0,0,0,0,8,2013
TECOLOTLÁN,79,0,0,0,0,58,21,2013
TENAMAXTLÁN,16,0,0,0,0,16,0,2013
TONAYA,9,0,0,0,0,0,9,2013
UNIÓN DE TULA,77,0,0,28,0,49,0,2013
AUTLÁN DE NAVARRO,329,0,0,161,32,83,53,2013
CASIMIRO CASTILLO,64,0,0,34,30,0,0,2013
CIHUATLÁN,2192,0,499,678,354,319,342,2013
CUAUTITLÁN DE GARCÍA BARRAGÁN,32,0,0,0,0,32,0,2013
LA HUERTA,796,135,264,46,70,47,234,2013
VILLA PURIFICACIÓN,80,0,0,0,60,10,10,2013
CABO CORRIENTES,125,3,0,63,45,0,14,2013
PUERTO VALLARTA,22962,5955,3416,1410,341,381,11459,2013
TOMATLÁN,152,27,32,0,26,0,67,2013
ATENGUILLO,5,0,0,0,0,5,0,2013
AYUTLA,39,0,0,0,0,21,18,2013
GUACHINANGO,13,0,0,0,0,0,13,2013
MASCOTA,255,37,61,61,24,0,72,2013
SAN SEBASTIÁN DEL OESTE,142,19,40,0,17,4,62,2013
TALPA DE ALLENDE,1041,0,25,134,69,257,556,2013
AHUALULCO DE MERCADO,70,24,8,0,0,9,29,2013
AMATITÁN,25,0,0,0,0,0,25,2013
AMECA,142,0,0,48,0,94,0,2013
COCULA,72,0,0,10,46,11,5,2013
EL ARENAL,40,0,0,0,0,0,40,2013
ETZATLÁN,56,0,11,21,0,13,11,2013
HOSTOTIPAQUILLO,24,0,0,0,0,0,24,2013
MAGDALENA,102,0,0,0,0,90,12,2013
SAN JUANITO DE ESCOBEDO,8,0,0,0,0,0,8,2013
SAN MARCOS,20,0,0,0,0,0,20,2013
SAN MARTÍN HIDALGO,62,0,0,0,8,31,23,2013
TALA,80,0,0,34,0,23,23,2013
TEQUILA,371,66,105,69,42,11,78,2013
TEUCHITLÁN,52,0,31,0,0,11,10,2013
CUQUÍO,42,0,0,32,10,0,0,2013
EL SALTO,168,0,156,0,0,0,12,2013
GUADALAJARA,15050,3336,4121,3000,540,1838,2215,2013
IXTLAHUACÁN DE LOS MEMBRILLOS,14,2,12,0,0,0,0,2013
IXTLAHUACÁN DEL RÍO,11,0,0,0,0,0,11,2013
SAN CRISTÓBAL DE LA BARRANCA,31,5,0,0,0,0,26,2013
SAN PEDRO TLAQUEPAQUE,2262,131,253,724,0,32,1122,2013
TLAJOMULCO DE ZÚÑIGA,423,6,135,10,0,0,272,2013
TONALÁ,361,0,0,230,0,53,78,2013
VILLA CORONA,182,0,0,0,0,20,162,2013
ZAPOPAN,4470,1067,1950,494,47,12,900,2013
ZAPOTLANEJO,177,0,36,5,71,32,33,2013
BOLAÑOS,28,0,0,0,0,8,20,2014
CHIMALTITÁN,8,0,0,0,0,0,8,2014
COLOTLÁN,138,0,62,0,0,76,0,2014
HUEJÚCAR,41,0,0,0,0,41,0,2014
HUEJUQUILLA EL ALTO,77,0,0,60,0,0,17,2014
MEZQUITIC,52,0,21,0,9,0,22,2014
SAN MARTÍN DE BOLAÑOS,22,0,0,0,0,10,12,2014
TOTATICHE,119,0,0,0,0,5,114,2014
VILLA GUERRERO,18,0,0,0,0,0,18,2014
ENCARNACIÓN DE DÍAZ,162,0,9,82,71,0,0,2014
LAGOS DE MORENO,803,147,108,162,280,26,80,2014
OJUELOS DE JALISCO,132,9,0,0,0,18,105,2014
SAN DIEGO DE ALEJANDRÍA,123,0,0,6,0,92,25,2014
SAN JUAN DE LOS LAGOS,3787,210,560,776,681,1258,302,2014
TEOCALTICHE,70,0,0,0,44,16,10,2014
UNIÓN DE SAN ANTONIO,40,0,0,20,0,20,0,2014
VILLA HIDALGO,322,0,24,27,28,74,169,2014
ACATIC,79,0,0,0,53,10,16,2014
ARANDAS,328,23,37,122,116,30,0,2014
CAÑADAS DE OBREGÓN,14,0,0,0,0,0,14,2014
JALOSTOTITLÁN,129,0,0,32,38,40,19,2014
JESÚS MARÍA,36,0,0,0,0,0,36,2014
MEXTICACÁN,10,0,0,0,0,10,0,2014
SAN IGNACIO CERRO GORDO,6,0,6,0,0,0,0,2014
SAN JULIÁN,93,45,48,0,0,0,0,2014
SAN MIGUEL EL ALTO,94,0,62,0,0,0,32,2014
TEPATITLÁN DE MORELOS,545,0,295,163,48,0,39,2014
VALLE DE GUADALUPE,25,0,0,0,0,0,25,2014
YAHUALICA DE GONZÁLEZ GALLO,112,0,0,24,18,45,25,2014
ATOTONILCO EL ALTO,144,30,19,0,44,18,33,2014
AYOTLÁN,78,0,0,42,33,0,3,2014
CHAPALA,692,95,218,94,41,55,189,2014
DEGOLLADO,39,0,0,0,0,39,0,2014
JAMAY,87,0,0,0,15,18,54,2014
JOCOTEPEC,344,69,23,32,50,23,147,2014
LA BARCA,368,0,0,89,49,123,107,2014
OCOTLÁN,356,0,72,107,0,42,135,2014
PONCITLÁN,77,0,0,0,0,59,18,2014
TIZAPÁN EL ALTO,25,0,0,0,0,8,17,2014
TOTOTLÁN,25,0,0,0,0,0,25,2014
TUXCUECA,22,0,0,5,0,0,17,2014
ZAPOTLÁN DEL REY,20,5,0,0,0,0,15,2014
CONCEPCIÓN DE BUENOS AIRES,140,0,0,0,0,0,140,2014
LA MANZANILLA DE LA PAZ,85,0,10,26,9,15,25,2014
MAZAMITLA,558,39,119,106,30,53,211,2014
PIHUAMO,14,0,0,14,0,0,0,2014
QUITUPAN,16,0,0,16,0,0,0,2014
SANTA MARÍA DEL ORO,70,0,0,0,0,12,58,2014
TAMAZULA DE GORDIANO,101,0,0,32,24,27,18,2014
TECALITLÁN,65,0,0,0,0,48,17,2014
VALLE DE JUÁREZ,10,0,0,10,0,0,0,2014
AMACUECA,14,0,0,0,0,0,14,2014
ATEMAJAC DE BRIZUELA,29,0,0,0,0,0,29,2014
ATOYAC,24,15,0,0,0,0,9,2014
GÓMEZ FARÍAS,42,0,0,0,8,0,34,2014
SAN GABRIEL,28,0,0,0,10,0,18,2014
SAYULA,151,33,59,10,22,18,9,2014
TAPALPA,746,80,114,189,8,12,343,2014
TONILA,7,0,0,7,0,0,0,2014
TUXPAN,53,0,0,10,10,19,14,2014
ZACOALCO DE TORRES,70,0,0,0,0,34,36,2014
ZAPOTILTIC,84,0,0,0,20,12,52,2014
ZAPOTITLÁN DE VADILLO,10,0,0,0,0,0,10,2014
ZAPOTLÁN EL GRANDE,778,156,146,311,157,0,8,2014
ATENGO,15,0,0,0,0,0,15,2014
CHIQUILISTLÁN,17,0,0,0,0,0,17,2014
EL GRULLO,118,0,60,0,23,0,35,2014
EL LIMÓN,11,0,0,0,0,11,0,2014
JUCHITLÁN,8,0,0,0,0,0,8,2014
TECOLOTLÁN,79,0,0,0,0,58,21,2014
TENAMAXTLÁN,16,0,0,0,0,16,0,2014
TONAYA,9,0,0,0,0,0,9,2014
UNIÓN DE TULA,77,0,0,28,0,49,0,2014
AUTLÁN DE NAVARRO,329,0,0,161,32,83,53,2014
CASIMIRO CASTILLO,64,0,0,34,30,0,0,2014
CIHUATLÁN,2192,0,499,678,354,319,342,2014
CUAUTITLÁN DE GARCÍA BARRAGÁN,32,0,0,0,0,32,0,2014
LA HUERTA,796,135,264,46,70,47,234,2014
VILLA PURIFICACIÓN,80,0,0,0,60,10,10,2014
CABO CORRIENTES,125,3,0,63,45,0,14,2014
PUERTO VALLARTA,22962,5955,3416,1410,341,381,11459,2014
TOMATLÁN,152,27,32,0,26,0,67,2014
ATENGUILLO,5,0,0,0,0,5,0,2014
AYUTLA,39,0,0,0,0,21,18,2014
GUACHINANGO,13,0,0,0,0,0,13,2014
MASCOTA,255,37,61,61,24,0,72,2014
SAN SEBASTIÁN DEL OESTE,142,19,40,0,17,4,62,2014
TALPA DE ALLENDE,1041,0,25,134,69,257,556,2014
AHUALULCO DE MERCADO,70,24,8,0,0,9,29,2014
AMATITÁN,25,0,0,0,0,0,25,2014
AMECA,142,0,0,48,0,94,0,2014
COCULA,72,0,0,10,46,11,5,2014
EL ARENAL,40,0,0,0,0,0,40,2014
ETZATLÁN,56,0,11,21,0,13,11,2014
HOSTOTIPAQUILLO,24,0,0,0,0,0,24,2014
MAGDALENA,102,0,0,0,0,90,12,2014
SAN JUANITO DE ESCOBEDO,8,0,0,0,0,0,8,2014
SAN MARCOS,20,0,0,0,0,0,20,2014
SAN MARTÍN HIDALGO,62,0,0,0,8,31,23,2014
TALA,80,0,0,34,0,23,23,2014
TEQUILA,371,66,105,69,42,11,78,2014
TEUCHITLÁN,52,0,31,0,0,11,10,2014
CUQUÍO,42,0,0,32,10,0,0,2014
EL SALTO,168,0,156,0,0,0,12,2014
GUADALAJARA,15050,3336,4121,3000,540,1838,2215,2014
IXTLAHUACÁN DE LOS MEMBRILLOS,14,2,12,0,0,0,0,2014
IXTLAHUACÁN DEL RÍO,11,0,0,0,0,0,11,2014
SAN CRISTÓBAL DE LA BARRANCA,31,5,0,0,0,0,26,2014
SAN PEDRO TLAQUEPAQUE,2262,131,253,724,0,32,1122,2014
TLAJOMULCO DE ZÚÑIGA,423,6,135,10,0,0,272,2014
TONALÁ,361,0,0,230,0,53,78,2014
VILLA CORONA,182,0,0,0,0,20,162,2014
ZAPOPAN,4470,1067,1950,494,47,12,900,2014
ZAPOTLANEJO,177,0,36,5,71,32,33,2014
BOLAÑOS,28,0,0,0,0,8,20,2015
CHIMALTITÁN,8,0,0,0,0,0,8,2015
COLOTLÁN,138,0,62,0,0,76,0,2015
HUEJÚCAR,41,0,0,0,0,41,0,2015
HUEJUQUILLA EL ALTO,77,0,0,60,0,0,17,2015
MEZQUITIC,52,0,21,0,9,0,22,2015
SAN MARTÍN DE BOLAÑOS,22,0,0,0,0,10,12,2015
TOTATICHE,119,0,0,0,0,5,114,2015
VILLA GUERRERO,18,0,0,0,0,0,18,2015
ENCARNACIÓN DE DÍAZ,162,0,9,82,71,0,0,2015
LAGOS DE MORENO,803,147,108,162,280,26,80,2015
OJUELOS DE JALISCO,132,9,0,0,0,18,105,2015
SAN DIEGO DE ALEJANDRÍA,123,0,0,6,0,92,25,2015
SAN JUAN DE LOS LAGOS,3787,210,560,776,681,1258,302,2015
TEOCALTICHE,70,0,0,0,44,16,10,2015
UNIÓN DE SAN ANTONIO,40,0,0,20,0,20,0,2015
VILLA HIDALGO,322,0,24,27,28,74,169,2015
ACATIC,79,0,0,0,53,10,16,2015
ARANDAS,328,23,37,122,116,30,0,2015
CAÑADAS DE OBREGÓN,14,0,0,0,0,0,14,2015
JALOSTOTITLÁN,129,0,0,32,38,40,19,2015
JESÚS MARÍA,36,0,0,0,0,0,36,2015
MEXTICACÁN,10,0,0,0,0,10,0,2015
SAN IGNACIO CERRO GORDO,6,0,6,0,0,0,0,2015
SAN JULIÁN,93,45,48,0,0,0,0,2015
SAN MIGUEL EL ALTO,94,0,62,0,0,0,32,2015
TEPATITLÁN DE MORELOS,545,0,295,163,48,0,39,2015
VALLE DE GUADALUPE,25,0,0,0,0,0,25,2015
YAHUALICA DE GONZÁLEZ GALLO,112,0,0,24,18,45,25,2015
ATOTONILCO EL ALTO,144,30,19,0,44,18,33,2015
AYOTLÁN,78,0,0,42,33,0,3,2015
CHAPALA,692,95,218,94,41,55,189,2015
DEGOLLADO,39,0,0,0,0,39,0,2015
JAMAY,87,0,0,0,15,18,54,2015
JOCOTEPEC,344,69,23,32,50,23,147,2015
LA BARCA,368,0,0,89,49,123,107,2015
OCOTLÁN,356,0,72,107,0,42,135,2015
PONCITLÁN,77,0,0,0,0,59,18,2015
TIZAPÁN EL ALTO,25,0,0,0,0,8,17,2015
TOTOTLÁN,25,0,0,0,0,0,25,2015
TUXCUECA,22,0,0,5,0,0,17,2015
ZAPOTLÁN DEL REY,20,5,0,0,0,0,15,2015
CONCEPCIÓN DE BUENOS AIRES,140,0,0,0,0,0,140,2015
LA MANZANILLA DE LA PAZ,85,0,10,26,9,15,25,2015
MAZAMITLA,558,39,119,106,30,53,211,2015
PIHUAMO,14,0,0,14,0,0,0,2015
QUITUPAN,16,0,0,16,0,0,0,2015
SANTA MARÍA DEL ORO,70,0,0,0,0,12,58,2015
TAMAZULA DE GORDIANO,101,0,0,32,24,27,18,2015
TECALITLÁN,65,0,0,0,0,48,17,2015
VALLE DE JUÁREZ,10,0,0,10,0,0,0,2015
AMACUECA,14,0,0,0,0,0,14,2015
ATEMAJAC DE BRIZUELA,29,0,0,0,0,0,29,2015
ATOYAC,24,15,0,0,0,0,9,2015
GÓMEZ FARÍAS,42,0,0,0,8,0,34,2015
SAN GABRIEL,28,0,0,0,10,0,18,2015
SAYULA,151,33,59,10,22,18,9,2015
TAPALPA,746,80,114,189,8,12,343,2015
TONILA,7,0,0,7,0,0,0,2015
TUXPAN,53,0,0,10,10,19,14,2015
ZACOALCO DE TORRES,70,0,0,0,0,34,36,2015
ZAPOTILTIC,84,0,0,0,20,12,52,2015
ZAPOTITLÁN DE VADILLO,10,0,0,0,0,0,10,2015
ZAPOTLÁN EL GRANDE,778,156,146,311,157,0,8,2015
ATENGO,15,0,0,0,0,0,15,2015
CHIQUILISTLÁN,17,0,0,0,0,0,17,2015
EL GRULLO,118,0,60,0,23,0,35,2015
EL LIMÓN,11,0,0,0,0,11,0,2015
JUCHITLÁN,8,0,0,0,0,0,8,2015
TECOLOTLÁN,79,0,0,0,0,58,21,2015
TENAMAXTLÁN,16,0,0,0,0,16,0,2015
TONAYA,9,0,0,0,0,0,9,2015
UNIÓN DE TULA,77,0,0,28,0,49,0,2015
AUTLÁN DE NAVARRO,329,0,0,161,32,83,53,2015
CASIMIRO CASTILLO,64,0,0,34,30,0,0,2015
CIHUATLÁN,2192,0,499,678,354,319,342,2015
CUAUTITLÁN DE GARCÍA BARRAGÁN,32,0,0,0,0,32,0,2015
LA HUERTA,796,135,264,46,70,47,234,2015
VILLA PURIFICACIÓN,80,0,0,0,60,10,10,2015
CABO CORRIENTES,125,3,0,63,45,0,14,2015
PUERTO VALLARTA,22962,5955,3416,1410,341,381,11459,2015
TOMATLÁN,152,27,32,0,26,0,67,2015
ATENGUILLO,5,0,0,0,0,5,0,2015
AYUTLA,39,0,0,0,0,21,18,2015
GUACHINANGO,13,0,0,0,0,0,13,2015
MASCOTA,255,37,61,61,24,0,72,2015
SAN SEBASTIÁN DEL OESTE,142,19,40,0,17,4,62,2015
TALPA DE ALLENDE,1041,0,25,134,69,257,556,2015
AHUALULCO DE MERCADO,70,24,8,0,0,9,29,2015
AMATITÁN,25,0,0,0,0,0,25,2015
AMECA,142,0,0,48,0,94,0,2015
COCULA,72,0,0,10,46,11,5,2015
EL ARENAL,40,0,0,0,0,0,40,2015
ETZATLÁN,56,0,11,21,0,13,11,2015
HOSTOTIPAQUILLO,24,0,0,0,0,0,24,2015
MAGDALENA,102,0,0,0,0,90,12,2015
SAN JUANITO DE ESCOBEDO,8,0,0,0,0,0,8,2015
SAN MARCOS,20,0,0,0,0,0,20,2015
SAN MARTÍN HIDALGO,62,0,0,0,8,31,23,2015
TALA,80,0,0,34,0,23,23,2015
TEQUILA,371,66,105,69,42,11,78,2015
TEUCHITLÁN,52,0,31,0,0,11,10,2015
CUQUÍO,42,0,0,32,10,0,0,2015
EL SALTO,168,0,156,0,0,0,12,2015
GUADALAJARA,15050,3336,4121,3000,540,1838,2215,2015
IXTLAHUACÁN DE LOS MEMBRILLOS,14,2,12,0,0,0,0,2015
IXTLAHUACÁN DEL RÍO,11,0,0,0,0,0,11,2015
SAN CRISTÓBAL DE LA BARRANCA,31,5,0,0,0,0,26,2015
SAN PEDRO TLAQUEPAQUE,2262,131,253,724,0,32,1122,2015
TLAJOMULCO DE ZÚÑIGA,423,6,135,10,0,0,272,2015
TONALÁ,361,0,0,230,0,53,78,2015
VILLA CORONA,182,0,0,0,0,20,162,2015
ZAPOPAN,4470,1067,1950,494,47,12,900,2015
ZAPOTLANEJO,177,0,36,5,71,32,33,2015
BOLAÑOS,43,0,0,25,10,8,0,2016
CHIMALTITÁN,34,0,0,0,9,0,25,2016
COLOTLÁN,162,0,62,38,0,47,15,2016
HUEJÚCAR,42,0,0,0,0,42,0,2016
HUEJUQUILLA EL ALTO,68,0,0,60,8,0,0,2016
MEZQUITIC,41,0,10,0,19,0,12,2016
SAN MARTÍN DE BOLAÑOS,22,0,0,0,12,10,0,2016
TOTATICHE,120,0,0,0,114,6,0,2016
VILLA GUERRERO,17,0,0,0,17,0,0,2016
ENCARNACIÓN DE DÍAZ,111,0,75,20,16,0,0,2016
LAGOS DE MORENO,799,157,139,154,93,0,256,2016
OJUELOS DE JALISCO,158,0,0,0,0,0,158,2016
SAN DIEGO DE ALEJANDRÍA,45,0,0,19,0,0,26,2016
SAN JUAN DE LOS LAGOS,3708,539,435,871,799,975,89,2016
TEOCALTICHE,99,0,55,0,44,0,0,2016
UNIÓN DE SAN ANTONIO,28,0,0,0,0,0,28,2016
VILLA HIDALGO,280,0,0,0,0,0,280,2016
ACATIC,85,0,0,7,0,12,66,2016
ARANDAS,383,14,60,30,97,182,0,2016
CAÑADAS DE OBREGÓN,40,0,0,0,0,0,40,2016
JALOSTOTITLÁN,151,50,27,54,0,20,0,2016
JESÚS MARÍA,12,0,0,0,0,0,12,2016
MEXTICACÁN,10,0,0,0,0,0,10,2016
SAN IGNACIO CERRO GORDO,114,0,0,0,0,0,114,2016
SAN JULIÁN,202,0,69,133,0,0,0,2016
SAN MIGUEL EL ALTO,169,0,104,35,0,30,0,2016
TEPATITLÁN DE MORELOS,469,13,244,66,0,0,146,2016
VALLE DE GUADALUPE,50,0,0,0,0,0,50,2016
YAHUALICA DE GONZÁLEZ GALLO,111,11,36,24,40,0,0,2016
ATOTONILCO EL ALTO,158,0,30,41,0,0,87,2016
AYOTLÁN,44,0,0,44,0,0,0,2016
CHAPALA,741,115,275,112,108,72,59,2016
DEGOLLADO,47,0,12,35,0,0,0,2016
JAMAY,78,0,0,0,15,26,37,2016
JOCOTEPEC,380,99,67,67,14,37,96,2016
LA BARCA,356,0,0,125,53,109,69,2016
OCOTLÁN,444,0,96,25,0,81,242,2016
PONCITLÁN,95,0,0,4,0,73,18,2016
TIZAPÁN EL ALTO,24,0,0,0,0,8,16,2016
TOTOTLÁN,17,0,0,0,0,0,17,2016
TUXCUECA,21,0,0,0,0,21,0,2016
ZAPOTLÁN DEL REY,20,20,0,0,0,0,0,2016
CONCEPCIÓN DE BUENOS AIRES,76,0,0,0,0,0,76,2016
JILOTLÁN DE LOS DOLORES,6,0,0,0,0,0,6,2016
LA MANZANILLA DE LA PAZ,114,0,0,0,0,0,114,2016
MAZAMITLA,869,115,233,133,10,0,378,2016
PIHUAMO,34,0,0,0,0,0,34,2016
QUITUPAN,16,0,0,0,0,0,16,2016
SANTA MARÍA DEL ORO,11,0,0,0,0,0,11,2016
TAMAZULA DE GORDIANO,81,0,0,0,0,0,81,2016
TECALITLÁN,31,0,11,20,0,0,0,2016
VALLE DE JUÁREZ,58,0,0,0,0,0,58,2016
AMACUECA,10,0,0,0,0,0,10,2016
ATEMAJAC DE BRIZUELA,59,19,0,8,22,0,10,2016
ATOYAC,71,41,0,0,16,14,0,2016
GÓMEZ FARÍAS,44,0,0,0,0,0,44,2016
SAN GABRIEL,42,0,0,0,0,0,42,2016
SAYULA,144,51,66,0,27,0,0,2016
TAPALPA,702,35,102,55,0,0,510,2016
TEOCUITATLÁN DE CORONA,6,0,0,0,0,0,6,2016
TOLIMÁN,16,0,0,0,0,0,16,2016
TUXPAN,51,0,0,13,0,18,20,2016
ZACOALCO DE TORRES,127,0,15,0,0,112,0,2016
ZAPOTILTIC,90,0,0,0,0,0,90,2016
ZAPOTITLÁN DE VADILLO,20,0,0,0,0,0,20,2016
ZAPOTLÁN EL GRANDE,495,0,136,209,118,32,0,2016
ATENGO,12,0,0,0,0,0,12,2016
CHIQUILISTLÁN,12,0,0,0,0,0,12,2016
EL GRULLO,141,0,60,35,29,17,0,2016
EL LIMÓN,22,0,0,13,0,0,9,2016
JUCHITLÁN,6,0,0,0,6,0,0,2016
TECOLOTLÁN,70,0,0,0,12,58,0,2016
TENAMAXTLÁN,28,0,0,0,0,0,28,2016
TONAYA,38,0,0,0,21,0,17,2016
UNIÓN DE TULA,83,0,0,19,0,0,64,2016
AUTLÁN DE NAVARRO,411,0,32,174,143,62,0,2016
CASIMIRO CASTILLO,66,0,0,34,32,0,0,2016
CIHUATLÁN,2251,192,511,823,283,264,178,2016
CUAUTITLÁN DE GARCÍA BARRAGÁN ,28,0,0,0,0,28,0,2016
LA HUERTA,790,151,240,165,72,53,109,2016
VILLA PURIFICACIÓN,74,0,0,0,0,0,74,2016
CABO CORRIENTES,128,3,29,59,16,0,21,2016
PUERTO VALLARTA,23797,6465,3958,1525,664,381,10804,2016
TOMATLÁN,110,0,32,26,52,0,0,2016
ATENGUILLO,63,0,0,0,0,0,63,2016
AYUTLA,76,0,0,0,0,0,76,2016
CUAUTLA,29,0,0,0,20,0,9,2016
GUACHINANGO,39,0,0,0,0,0,39,2016
MASCOTA,350,51,75,113,77,34,0,2016
MIXTLÁN,40,0,0,0,0,0,40,2016
SAN SEBASTIÁN DEL OESTE,141,24,6,74,6,0,31,2016
TALPA DE ALLENDE,1481,0,26,56,0,40,1359,2016
AHUALULCO DE MERCADO,116,0,0,0,0,0,116,2016
AMATITÁN,22,0,0,0,0,22,0,2016
AMECA,153,0,40,34,28,0,51,2016
COCULA,75,0,0,0,0,0,75,2016
EL ARENAL,66,0,0,0,0,0,66,2016
ETZATLÁN,79,0,0,0,0,0,79,2016
HOSTOTIPAQUILLO,7,0,0,0,0,0,7,2016
MAGDALENA,133,0,0,0,0,0,133,2016
SAN JUANITO DE ESCOBEDO,4,0,0,0,0,0,4,2016
SAN MARCOS,21,0,0,0,0,0,21,2016
SAN MARTÍN HIDALGO,128,0,0,0,74,54,0,2016
TALA,122,0,0,0,0,0,122,2016
TEQUILA,482,20,133,70,33,119,107,2016
TEUCHITLÁN,56,0,0,0,0,0,56,2016
ACATLAN DE JUAREZ,14,0,0,0,0,0,14,2016
CUQUÍO,61,0,61,0,0,0,0,2016
EL SALTO,412,0,304,108,0,0,0,2016
GUADALAJARA,17251,3895,6378,3099,2850,610,419,2016
IXTLAHUACÁN DE LOS MEMBRILLOS,61,0,12,0,0,11,38,2016
IXTLAHUACÁN DEL RÍO,20,0,0,0,0,0,20,2016
SAN PEDRO TLAQUEPAQUE,1075,298,202,575,0,0,0,2016
TLAJOMULCO DE ZÚÑIGA,341,10,135,139,0,0,57,2016
TONALÁ,423,14,0,348,61,0,0,2016
VILLA CORONA,107,0,0,0,0,0,107,2016
ZAPOPAN,6128,1247,2902,1068,42,0,869,2016
ZAPOTLANEJO,188,0,18,153,17,0,0,2016
ACATIC,66,0,0,0,0,0,66,2017
ACATLÁN DE JUÁREZ,14,0,0,0,0,0,14,2017
AHUALULCO DE MERCADO,116,0,0,0,0,0,116,2017
AMACUECA,10,0,0,0,0,0,10,2017
AMATITÁN,22,0,0,0,0,0,22,2017
AMECA,153,0,40,34,28,0,51,2017
ARANDAS,383,14,60,30,97,182,0,2017
ATEMAJAC DE BRIZUELA,59,19,0,8,22,0,10,2017
ATENGO,12,0,0,0,0,0,12,2017
ATENGUILLO,63,0,0,0,0,0,63,2017
ATOTONILCO EL ALTO,167,0,30,41,0,0,96,2017
ATOYAC,71,41,0,0,16,14,0,2017
AUTLÁN DE NAVARRO,411,0,32,174,143,62,0,2017
AYOTLÁN,44,0,0,44,0,0,0,2017
AYUTLA,84,0,0,0,0,0,84,2017
BOLAÑOS,43,0,0,25,10,8,0,2017
CABO CORRIENTES,128,3,29,59,16,0,21,2017
CAÑADAS DE OBREGÓN,40,0,0,0,0,0,40,2017
CASIMIRO CASTILLO,66,0,0,34,32,0,0,2017
CHAPALA,741,115,275,112,108,72,59,2017
CHIMALTITÁN,34,0,0,0,9,0,25,2017
CHIQUILISTLÁN,12,0,0,0,0,0,12,2017
CIHUATLÁN,2251,192,511,823,283,264,178,2017
COCULA,72,0,0,0,0,0,72,2017
COLOTLÁN,162,0,62,38,0,47,15,2017
CONCEPCIÓN DE BUENOS AIRES,76,0,0,0,0,0,76,2017
CUAUTITLÁN DE GARCÍA BARRAGÁN,2251,192,511,823,283,264,178,2017
CUAUTLA,29,0,0,0,20,0,9,2017
CUQUÍO,61,0,61,0,0,0,0,2017
DEGOLLADO,47,0,12,35,0,0,0,2017
EL ARENAL,66,0,0,0,0,0,66,2017
EL GRULLO,141,0,60,35,29,17,0,2017
EL LIMÓN,22,0,0,13,0,0,9,2017
EL SALTO,412,0,304,108,0,0,0,2017
ENCARNACIÓN DE DÍAZ,111,0,75,20,16,0,0,2017
ETZATLÁN,79,0,0,0,0,0,79,2017
GÓMEZ FARÍAS,44,0,0,0,0,0,44,2017
GUACHINANGO,39,0,0,0,0,0,39,2017
GUADALAJARA,17823,3406,6815,3166,3124,896,416,2017
HOSTOTIPAQUILLO,7,0,0,0,0,0,7,2017
HUEJÚCAR,42,0,0,0,0,0,42,2017
HUEJUQUILLA EL ALTO,68,0,0,60,8,0,0,2017
IXTLAHUACÁN DE LOS MEMBRILLOS,61,0,12,0,0,11,38,2017
IXTLAHUACÁN DEL RÍO,20,0,0,0,0,0,20,2017
JALOSTOTITLÁN,151,50,27,54,0,20,0,2017
JAMAY,78,0,0,0,15,26,37,2017
JESÚS MARÍA,12,0,0,0,0,0,12,2017
JILOTLÁN DE LOS DOLORES,6,0,0,0,0,0,6,2017
JOCOTEPEC,395,99,76,67,14,37,102,2017
JUCHITLÁN,6,0,0,0,6,0,0,2017
LA BARCA,356,0,0,125,53,109,69,2017
LA HUERTA,790,151,240,165,72,53,109,2017
LA MANZANILLA DE LA PAZ,114,0,0,0,0,0,114,2017
LAGOS DE MORENO,852,157,143,203,93,0,256,2017
MAGDALENA,133,0,0,0,0,0,133,2017
MASCOTA,355,51,79,114,78,33,0,2017
MAZAMITLA,869,115,233,133,10,0,378,2017
MEXTICACÁN,10,0,0,0,0,0,10,2017
MEZQUITIC,49,0,0,0,20,0,29,2017
MIXTLÁN,40,0,0,0,0,0,40,2017
OCOTLÁN,444,0,96,25,0,81,242,2017
OJUELOS DE JALISCO,158,0,0,0,0,0,158,2017
PIHUAMO,34,0,0,0,0,0,34,2017
PONCITLÁN,95,0,0,4,0,73,18,2017
PUERTO VALLARTA,23995,6465,4084,1597,664,381,10804,2017
QUITUPAN,16,0,0,0,0,0,16,2017
SAN DIEGO DE ALEJANDRÍA,45,0,0,19,0,0,26,2017
SAN GABRIEL,42,0,0,0,0,0,42,2017
SAN IGNACIO CERRO GORDO,114,0,0,0,0,0,114,2017
SAN JUAN DE LOS LAGOS,3708,539,435,871,799,975,89,2017
SAN JUANITO DE ESCOBEDO,4,0,0,0,0,0,4,2017
SAN JULIÁN,202,0,69,133,0,0,0,2017
SAN MARCOS,21,0,0,0,0,0,21,2017
SAN MARTÍN DE BOLAÑOS,22,0,0,0,12,10,0,2017
SAN MARTÍN HIDALGO,64,0,0,0,37,27,0,2017
SAN MIGUEL EL ALTO,169,0,104,35,0,30,0,2017
SAN PEDRO TLAQUEPAQUE,1088,298,215,575,0,0,0,2017
SAN SEBASTIÁN DEL OESTE,141,24,6,74,6,0,31,2017
SANTA MARÍA DEL ORO,11,0,0,0,0,0,11,2017
SAYULA,144,51,66,0,27,0,0,2017
TALA,122,0,0,0,0,0,122,2017
TALPA DE ALLENDE,1481,0,26,56,0,40,1359,2017
TAMAZULA DE GORDIANO,81,0,0,0,0,0,81,2017
TAPALPA,702,35,102,55,0,0,510,2017
TECALITLÁN,31,0,11,20,0,0,0,2017
TECOLOTLÁN,70,0,0,0,12,58,0,2017
TENAMAXTLÁN,28,0,0,0,0,0,28,2017
TEOCALTICHE,99,0,55,0,44,0,0,2017
TEOCUITATLÁN DE CORONA,6,0,0,0,0,0,6,2017
TEPATITLÁN DE MORELOS,529,13,267,103,0,0,146,2017
TEQUILA,494,20,133,70,33,119,119,2017
TEUCHITLÁN,56,0,0,0,0,0,56,2017
TIZAPÁN EL ALTO,24,0,0,0,0,8,16,2017
TLAJOMULCO DE ZÚÑIGA,341,10,135,139,0,0,57,2017
TOLIMÁN,16,0,0,0,0,0,16,2017
TOMATLÁN,110,0,32,26,52,0,0,2017
TONALÁ,423,14,0,348,61,0,0,2017
TONAYA,38,0,0,0,21,0,17,2017
TOTATICHE,120,0,0,0,114,6,0,2017
TOTOTLÁN,17,0,0,0,0,0,17,2017
TUXCUECA,21,0,0,0,0,21,0,2017
TUXPAN,51,0,0,13,0,18,20,2017
UNIÓN DE SAN ANTONIO,28,0,0,0,0,0,28,2017
UNIÓN DE TULA,83,0,0,19,0,0,64,2017
VALLE DE GUADALUPE,50,0,0,0,0,0,50,2017
VALLE DE JUÁREZ,58,0,0,0,0,0,58,2017
VILLA CORONA,107,0,0,0,0,0,107,2017
VILLA GUERRERO,17,0,0,0,17,0,0,2017
VILLA HIDALGO,280,0,0,0,0,0,280,2017
VILLA PURIFICACIÓN,74,0,0,0,0,0,74,2017
YAHUALICA DE GONZÁLEZ GALLO,111,11,36,24,40,0,0,2017
ZACOALCO DE TORRES,127,0,15,0,0,112,0,2017
ZAPOPAN,7458,1599,3780,1917,82,71,9,2017
ZAPOTILTIC,90,0,0,0,0,0,90,2017
ZAPOTITLÁN DE VADILLO,20,0,0,0,0,0,20,2017
ZAPOTLÁN DEL REY,20,20,0,0,0,0,0,2017
ZAPOTLÁN EL GRANDE,495,0,136,209,118,32,0,2017
ZAPOTLANEJO,188,0,18,153,17,0,0,2017
ACATIC,66,0,0,0,0,0,66,2018
ACATLÁN DE JUÁREZ,14,0,0,0,0,0,14,2018
AHUALULCO DE MERCADO,116,0,0,0,0,0,116,2018
AMACUECA,10,0,0,0,0,0,10,2018
AMATITÁN,22,0,0,0,0,0,22,2018
AMECA,153,0,40,34,28,0,51,2018
ARANDAS,383,14,60,30,97,182,0,2018
ATEMAJAC DE BRIZUELA,59,19,0,8,22,0,10,2018
ATENGO,12,0,0,0,0,0,12,2018
ATENGUILLO,63,0,0,0,0,0,63,2018
ATOTONILCO EL ALTO,167,0,30,41,0,0,96,2018
ATOYAC,71,41,0,0,16,14,0,2018
AUTLÁN DE NAVARRO,411,0,32,174,143,62,0,2018
AYOTLÁN,44,0,0,44,0,0,0,2018
AYUTLA,84,0,0,0,0,0,84,2018
BOLAÑOS,43,0,0,25,10,8,0,2018
CABO CORRIENTES,128,3,29,59,16,0,21,2018
CAÑADAS DE OBREGÓN,40,0,0,0,0,0,40,2018
CASIMIRO CASTILLO,66,0,0,34,32,0,0,2018
CHAPALA,741,115,275,112,108,72,59,2018
CHIMALTITÁN,34,0,0,0,9,0,25,2018
CHIQUILISTLÁN,12,0,0,0,0,0,12,2018
CIHUATLÁN,2251,192,511,823,283,264,178,2018
COCULA,72,0,0,0,0,0,72,2018
COLOTLÁN,162,0,62,38,0,47,15,2018
CONCEPCIÓN DE BUENOS AIRES,76,0,0,0,0,0,76,2018
CUAUTITLÁN DE GARCÍA BARRAGÁN,2251,192,511,823,283,264,178,2018
CUAUTLA,29,0,0,0,20,0,9,2018
CUQUÍO,61,0,61,0,0,0,0,2018
DEGOLLADO,47,0,12,35,0,0,0,2018
EL ARENAL,66,0,0,0,0,0,66,2018
EL GRULLO,141,0,60,35,29,17,0,2018
EL LIMÓN,22,0,0,13,0,0,9,2018
EL SALTO,412,0,304,108,0,0,0,2018
ENCARNACIÓN DE DÍAZ,111,0,75,20,16,0,0,2018
ETZATLÁN,79,0,0,0,0,0,79,2018
GÓMEZ FARÍAS,44,0,0,0,0,0,44,2018
GUACHINANGO,39,0,0,0,0,0,39,2018
GUADALAJARA,17823,3406,6815,3166,3124,896,416,2018
HOSTOTIPAQUILLO,7,0,0,0,0,0,7,2018
HUEJÚCAR,42,0,0,0,0,0,42,2018
HUEJUQUILLA EL ALTO,68,0,0,60,8,0,0,2018
IXTLAHUACÁN DE LOS MEMBRILLOS,61,0,12,0,0,11,38,2018
IXTLAHUACÁN DEL RÍO,20,0,0,0,0,0,20,2018
JALOSTOTITLÁN,151,50,27,54,0,20,0,2018
JAMAY,78,0,0,0,15,26,37,2018
JESÚS MARÍA,12,0,0,0,0,0,12,2018
JILOTLÁN DE LOS DOLORES,6,0,0,0,0,0,6,2018
JOCOTEPEC,395,99,76,67,14,37,102,2018
JUCHITLÁN,6,0,0,0,6,0,0,2018
LA BARCA,356,0,0,125,53,109,69,2018
LA HUERTA,790,151,240,165,72,53,109,2018
LA MANZANILLA DE LA PAZ,114,0,0,0,0,0,114,2018
LAGOS DE MORENO,852,157,143,203,93,0,256,2018
MAGDALENA,133,0,0,0,0,0,133,2018
MASCOTA,355,51,79,114,78,33,0,2018
MAZAMITLA,869,115,233,133,10,0,378,2018
MEXTICACÁN,10,0,0,0,0,0,10,2018
MEZQUITIC,49,0,0,0,20,0,29,2018
MIXTLÁN,40,0,0,0,0,0,40,2018
OCOTLÁN,444,0,96,25,0,81,242,2018
OJUELOS DE JALISCO,158,0,0,0,0,0,158,2018
PIHUAMO,34,0,0,0,0,0,34,2018
PONCITLÁN,95,0,0,4,0,73,18,2018
PUERTO VALLARTA,23995,6465,4084,1597,664,381,10804,2018
QUITUPAN,16,0,0,0,0,0,16,2018
SAN DIEGO DE ALEJANDRÍA,45,0,0,19,0,0,26,2018
SAN GABRIEL,42,0,0,0,0,0,42,2018
SAN IGNACIO CERRO GORDO,114,0,0,0,0,0,114,2018
SAN JUAN DE LOS LAGOS,3708,539,435,871,799,975,89,2018
SAN JUANITO DE ESCOBEDO,4,0,0,0,0,0,4,2018
SAN JULIÁN,202,0,69,133,0,0,0,2018
SAN MARCOS,21,0,0,0,0,0,21,2018
SAN MARTÍN DE BOLAÑOS,22,0,0,0,12,10,0,2018
SAN MARTÍN HIDALGO,64,0,0,0,37,27,0,2018
SAN MIGUEL EL ALTO,169,0,104,35,0,30,0,2018
SAN PEDRO TLAQUEPAQUE,1088,298,215,575,0,0,0,2018
SAN SEBASTIÁN DEL OESTE,141,24,6,74,6,0,31,2018
SANTA MARÍA DEL ORO,11,0,0,0,0,0,11,2018
SAYULA,144,51,66,0,27,0,0,2018
TALA,122,0,0,0,0,0,122,2018
TALPA DE ALLENDE,1481,0,26,56,0,40,1359,2018
TAMAZULA DE GORDIANO,81,0,0,0,0,0,81,2018
TAPALPA,702,35,102,55,0,0,510,2018
TECALITLÁN,31,0,11,20,0,0,0,2018
TECOLOTLÁN,70,0,0,0,12,58,0,2018
TENAMAXTLÁN,28,0,0,0,0,0,28,2018
TEOCALTICHE,99,0,55,0,44,0,0,2018
TEOCUITATLÁN DE CORONA,6,0,0,0,0,0,6,2018
TEPATITLÁN DE MORELOS,529,13,267,103,0,0,146,2018
TEQUILA,494,20,133,70,33,119,119,2018
TEUCHITLÁN,56,0,0,0,0,0,56,2018
TIZAPÁN EL ALTO,24,0,0,0,0,8,16,2018
TLAJOMULCO DE ZÚÑIGA,341,10,135,139,0,0,57,2018
TOLIMÁN,16,0,0,0,0,0,16,2018
TOMATLÁN,110,0,32,26,52,0,0,2018
TONALÁ,423,14,0,348,61,0,0,2018
TONAYA,38,0,0,0,21,0,17,2018
TOTATICHE,120,0,0,0,114,6,0,2018
TOTOTLÁN,17,0,0,0,0,0,17,2018
TUXCUECA,21,0,0,0,0,21,0,2018
TUXPAN,51,0,0,13,0,18,20,2018
UNIÓN DE SAN ANTONIO,28,0,0,0,0,0,28,2018
UNIÓN DE TULA,83,0,0,19,0,0,64,2018
VALLE DE GUADALUPE,50,0,0,0,0,0,50,2018
VALLE DE JUÁREZ,58,0,0,0,0,0,58,2018
VILLA CORONA,107,0,0,0,0,0,107,2018
VILLA GUERRERO,17,0,0,0,17,0,0,2018
VILLA HIDALGO,280,0,0,0,0,0,280,2018
VILLA PURIFICACIÓN,74,0,0,0,0,0,74,2018
YAHUALICA DE GONZÁLEZ GALLO,111,11,36,24,40,0,0,2018
ZACOALCO DE TORRES,127,0,15,0,0,112,0,2018
ZAPOPAN,7458,1599,3780,1917,82,71,9,2018
ZAPOTILTIC,90,0,0,0,0,0,90,2018
ZAPOTITLÁN DE VADILLO,20,0,0,0,0,0,20,2018
ZAPOTLÁN DEL REY,20,20,0,0,0,0,0,2018
ZAPOTLÁN EL GRANDE,495,0,136,209,118,32,0,2018
ZAPOTLANEJO,188,0,18,153,17,0,0,2018
MUNICIPIO,76405,14757,18910,12900,5142,5269,19427,2019
ACATIC,86,0,0,10,0,12,64,2019
ACATLÁN DE JUÁREZ,14,0,0,14,0,0,0,2019
AHUALULCO DE MERCADO,138,29,42,0,0,0,67,2019
AMACUECA,8,0,0,0,0,0,8,2019
AMATITÁN,46,0,0,16,0,30,0,2019
ARANDAS,416,14,60,30,59,177,76,2019
ATEMAJAC DE BRIZUELA,108,42,13,8,41,4,0,2019
ATENGO,12,0,0,0,0,0,12,2019
ATENGUILLO,63,0,0,0,6,0,57,2019
ATOYAC,32,12,0,0,16,4,0,2019
AUTLÁN DE NAVARRO,411,0,32,174,143,62,N/D,2019
AYOTLÁN,44,0,0,44,0,0,0,2019
AYUTLA,74,0,0,0,0,0,74,2019
BOLAÑOS,43,0,0,25,10,8,0,2019
CABO CORRIENTES,183,20,29,90,16,0,28,2019
CAÑADAS DE OBREGÓN,43,33,10,0,0,0,0,2019
CASIMIRO CASTILLO,66,0,0,34,32,0,0,2019
CHAPALA,1343,136,863,95,163,72,14,2019
CHIMALTITÁN,34,0,25,0,9,0,0,2019
CHIQUILISTLÁN,20,0,0,0,0,0,20,2019
CIHUATLÁN,2563,329,501,887,385,257,204,2019
COCULA,161,0,18,0,0,0,143,2019
COLOTLÁN,162,0,62,38,0,47,15,2019
CONCEPCIÓN DE BUENOS AIRES,76,76,0,0,0,0,0,2019
CUAUTITLÁN DE GARCÍA B.,28,0,0,0,0,28,0,2019
CUAUTLA,29,0,0,0,20,0,9,2019
CUQUÍO,61,0,61,0,0,0,0,2019
DEGOLLADO,47,0,12,35,0,0,0,2019
EL ARENAL,66,0,0,0,0,0,66,2019
EL GRULLO,141,0,60,54,10,17,N/D,2019
EL LIMÓN,22,0,0,13,0,0,9,2019
EL SALTO,530,0,422,108,0,0,N/D,2019
ENCARNACIÓN DE DÍAZ,111,0,75,20,16,0,0,2019
ETZATLÁN,97,11,0,0,0,0,86,2019
GÓMEZ FARÍAS,44,0,0,0,0,0,44,2019
GUACHINANGO,39,0,0,0,0,0,39,2019
GUADALAJARA,15336,3034,5404,2895,1146,2306,551,2019
HOSTOTIPAQUILLO,7,0,0,0,0,0,7,2019
HUEJÚCAR,42,0,0,0,0,42,0,2019
HUEJUQUILLA EL ALTO,68,0,0,60,8,0,0,2019
IXTLAHUACÁN DE LOS M.,58,0,0,58,0,0,0,2019
IXTLAHUACÁN DEL RÍO,222,0,0,0,0,0,222,2019
JAMAY,108,0,8,22,15,18,45,2019
JESÚS MARÍA,12,0,0,0,0,0,12,2019
JILOTLÁN DE LOS DOLORES,6,0,0,0,0,0,6,2019
JOCOTEPEC,482,111,94,68,14,44,151,2019
JUCHITLÁN,6,0,0,0,6,0,0,2019
LA BARCA,350,0,16,131,25,109,69,2019
LA HUERTA,1558,72,922,152,412,N/D,N/D,2019
LA MANZANILLA DE LA PAZ,184,19,90,22,0,15,38,2019
LAGOS DE MORENO,863,157,143,203,93,0,267,2019
MAGDALENA,133,0,0,0,0,0,133,2019
MASCOTA,401,51,65,143,98,42,2,2019
MAZAMITLA,1043,148,243,164,10,0,478,2019
MEXTICACÁN,10,0,0,0,0,0,10,2019
MEZQUITIC,49,0,0,0,20,0,29,2019
MIXTLÁN,51,0,0,0,0,0,51,2019
OCOTLÁN,377,0,143,109,0,0,125,2019
OJUELOS DE JALISCO,158,0,0,0,0,0,158,2019
PIHUAMO,34,0,0,0,0,0,34,2019
PONCITLÁN,95,0,0,4,0,73,18,2019
PUERTO VALLARTA,25495,7534,4546,1873,642,412,10488,2019
QUITUPAN,16,0,0,0,0,0,16,2019
SAN DIEGO DE ALEJANDRÍA,45,0,0,19,0,0,26,2019
SAN GABRIEL,244,0,0,0,0,0,244,2019
SAN IGNACIO CERRO GORDO,114,0,0,0,0,0,114,2019
SAN JUAN DE LOS LAGOS,3734,539,461,871,799,975,89,2019
SAN JUANITO DE ESCOBEDO,4,0,0,0,0,0,4,2019
SAN JULIÁN,298,0,69,188,0,0,41,2019
SAN MARCOS,21,0,0,0,0,0,21,2019
SAN MARTÍN DE BOLAÑOS,22,0,0,0,12,10,0,2019
SAN MARTÍN HIDALGO,80,0,0,40,40,0,0,2019
SAN MIGUEL EL ALTO,150,0,81,32,0,37,0,2019
SAN SEBASTIÁN DEL OESTE,434,71,6,300,12,0,45,2019
SANTA MARÍA DEL ORO,11,0,0,0,0,0,11,2019
SAYULA,144,51,66,0,27,0,0,2019
TALA,123,0,0,0,0,0,123,2019
TALPA DE ALLENDE,1581,0,0,0,0,0,1581,2019
TAMAZULA DE GORDIANO,81,0,0,0,0,0,81,2019
TAPALPA,1155,95,0,0,0,0,1060,2019
TECALITLÁN,65,0,0,20,0,0,45,2019
TECOLOTLÁN,70,0,0,0,12,58,0,2019
TENAMAXTLÁN,28,0,0,0,0,0,28,2019
TEOCALTICHE,99,0,55,0,44,0,0,2019
TEOCUITATLÁN DE CORONA,6,0,0,0,0,0,6,2019
TEPATITLÁN DE MORELOS,568,13,263,56,0,0,236,2019
TEQUILA,578,158,187,95,83,35,20,2019
TEUCHITLÁN,60,0,0,10,0,0,50,2019
TIZAPÁN EL ALTO,25,0,0,0,0,25,N/D,2019
TLAJOMULCO DE ZÚÑIGA,341,10,135,139,0,0,57,2019
TLAQUEPAQUE,1313,297,317,619,0,0,80,2019
TOLIMÁN,16,0,0,0,0,0,16,2019
TOMATLÁN,163,0,50,45,47,11,10,2019
TONALÁ,403,14,0,328,61,0,N/D,2019
TONAYA,38,0,0,0,24,0,14,2019
TOTATICHE,120,0,0,0,109,11,0,2019
TOTOTLÁN,33,0,0,0,0,0,33,2019
TUXCUECA,21,0,0,0,0,21,N/D,2019
TUXPAN,51,0,0,13,0,18,20,2019
UNIÓN DE SAN ANTONIO,89,0,0,0,0,0,89,2019
UNIÓN DE TULA,98,0,19,26,0,0,53,2019
VALLE DE GUADALUPE,50,0,0,0,0,0,50,2019
VALLE DE JUÁREZ,58,0,0,0,0,0,58,2019
VILLA CORONA,107,0,0,0,0,0,107,2019
VILLA GUERRERO,17,0,0,0,17,0,0,2019
VILLA HIDALGO,338,0,0,110,0,0,228,2019
VILLA PURIFICACIÓN,65,0,36,0,6,10,13,2019
YAHUALICA DE GONZÁLEZ GALLO,142,11,42,24,40,0,25,2019
ZACOALCO DE TORRES,127,0,15,12,0,100,0,2019
ZAPOPAN,7139,1607,2860,1697,291,107,577,2019
ZAPOTILTIC,90,0,18,0,0,0,72,2019
ZAPOTITLÁN DE VADILLO,20,0,0,0,0,0,20,2019
ZAPOTLÁN DEL REY,28,13,0,15,0,0,0,2019
ZAPOTLÁN EL GRANDE,537,0,136,319,58,24,N/D,2019
ZAPOTLANEJO,211,0,18,176,17,0,N/D,2019
MUNICIPIO,Total,"Cinco
estrellas *","Cuatro
estrellas","Tres 
estrellas","Dos
estrellas","Una
estrella","[Sin 
categoría **]",2020
ACATIC,86,0,0,10,0,12,64,2020
ACATLAN DE JUAREZ,14,0,0,14,0,0,0,2020
AHUALULCO DE MERCADO,138,29,42,0,0,0,67,2020
AMACUECA,8,0,0,0,0,0,8,2020
AMECA,173,0,65,52,28,28,0,2020
ARANDAS,451,14,60,30,47,177,123,2020
ATEMAJAC DE BRIZUELA,108,42,13,8,41,4,0,2020
ATENGO,12,0,0,0,0,0,12,2020
ATENGUILLO,55,0,0,0,6,0,49,2020
ATOTONILCO EL ALTO,182,0,25,41,0,0,116,2020
ATOYAC,32,12,0,0,16,4,0,2020
AUTLÁN DE NAVARRO,399,0,32,174,131,62,0,2020
AYOTLÁN,44,0,0,44,0,0,0,2020
AYUTLA,74,0,0,0,0,0,74,2020
BOLAÑOS,43,0,0,25,10,8,0,2020
CABO CORRIENTES,183,20,29,90,16,0,28,2020
CAÑADAS DE OBREGÓN,43,33,10,0,0,0,0,2020
CASIMIRO CASTILLO,66,0,0,34,32,0,0,2020
CHAPALA,926,159,451,109,118,89,0,2020
CHIMALTITÁN,34,0,25,0,9,0,0,2020
CHIQUILISTLÁN,20,0,0,0,0,0,20,2020
CIHUATLAN,2563,329,501,887,385,257,204,2020
COCULA,161,0,18,0,0,0,143,2020
CONCEPCIÓN DE BUENOS AIRES,76,76,0,0,0,0,0,2020
CUAUTITLÁN DE GARCÍA BARRAGÁN,28,0,0,0,0,28,0,2020
CUAUTLA,29,0,0,0,20,0,9,2020
CUQUIO,61,0,61,0,0,0,0,2020
DEGOLLADO,47,0,12,35,0,0,0,2020
EL ARENAL,66,0,0,0,0,0,66,2020
EL GRULLO ,141,0,60,54,10,17,N/D,2020
EL SALTO,530,0,422,108,0,0,N/D,2020
ENCARNACIÓN DE DÍAZ,109,0,75,16,18,0,0,2020
ETZATLAN,97,11,0,0,0,0,86,2020
GÓMEZ FARIAS,44,0,0,0,0,0,44,2020
GUACHINANGO,47,0,0,0,0,0,47,2020
GUADALAJARA,15409,3060,5539,2927,1146,2273,464,2020
HOSTOTIPAQUILLO,7,0,0,0,0,0,7,2020
HUEJÚCAR,42,0,0,0,0,42,0,2020
HUEJUQUILLA EL ALTO,68,0,0,60,8,0,0,2020
IXTLAHUACÁN DE LOS MEMBRILLOS,58,0,0,58,0,0,0,2020
IXTLAHUACÁN DEL RÍO,222,0,0,0,0,0,222,2020
JALOSTOTITLÁN,170,50,27,54,0,20,19,2020
JESUS MARIA,51,0,0,0,0,0,51,2020
JILOTLAN DE LOS DOLORES,6,0,0,0,0,0,6,2020
JOCOTEPEC,512,111,94,68,14,44,181,2020
JUCHITLÁN,6,0,0,0,6,0,0,2020
LA BARCA,350,0,16,131,25,109,69,2020
LA HUERTA,1558,72,922,152,412,N/D,ND,2020
LA MANZANILLA DE LA PAZ,184,19,90,22,0,15,38,2020
LAGOS DE MORENO,856,150,143,203,93,0,267,2020
MAGDALENA,133,0,0,0,0,0,133,2020
MASCOTA,414,51,78,143,98,42,2,2020
MAZAMITLA,2818,28,139,83,0,0,2568,2020
MEXTICACAN,14,0,0,0,0,0,14,2020
MEZQUITIC,52,0,0,0,20,0,32,2020
MIXTLAN,51,0,0,0,0,0,51,2020
OCOTLÁN,377,0,143,109,0,0,125,2020
OJUELOS,216,0,0,0,0,18,198,2020
PIHUAMO,34,0,0,0,0,0,34,2020
PONCITLÁN,95,0,0,4,0,73,18,2020
PUERTO VALLARTA,25582,7534,4525,1873,684,412,10554,2020
QUITUPAN,16,0,0,0,0,0,16,2020
SAN DIEGO DE ALEJANDRIA,45,0,0,19,0,12,14,2020
SAN GABRIEL,244,0,0,0,0,0,244,2020
SAN IGNACIO CERRO GORDO,114,0,0,0,62,0,52,2020
SAN JUAN DE LOS LAGOS,3790,160,517,741,953,977,442,2020
SAN JUANITO DE ESCOBEDO,4,0,0,0,0,0,4,2020
SAN JULIAN,277,0,69,188,0,0,20,2020
SAN MARCOS,21,0,0,0,0,0,21,2020
SAN MARTÍN DE BOLAÑOS,22,0,0,0,12,10,0,2020
SAN MARTIN HIDALGO,80,0,0,40,40,0,0,2020
SAN MIGUEL EL ALTO,150,0,81,32,0,37,0,2020
SAN SEBASTIÁN DEL OESTE,431,66,15,300,12,8,30,2020
SANTA MARIA DEL ORO,11,0,0,0,0,0,11,2020
SAYULA,144,51,66,0,27,0,0,2020
TALA,136,0,13,0,0,0,123,2020
TALPA DE ALLENDE,1581,0,0,0,0,0,1581,2020
TAMAZULA DE GORDIANO,113,0,32,24,0,0,57,2020
TAPALPA,1155,95,0,0,0,0,1060,2020
TECALITLAN,79,0,0,20,0,0,59,2020
TECOLOTLÁN,70,0,0,0,12,58,0,2020
TENAMAXTLAN,28,0,0,0,0,0,28,2020
TEOCALTICHE,99,0,55,0,44,0,0,2020
TEOCUITATLAN DE CORONA,6,0,0,0,0,0,6,2020
TEPATITLÁN DE MORELOS,670,46,271,56,0,0,297,2020
TEQUILA,578,158,187,95,83,35,20,2020
TEUCHITLAN,60,0,0,10,0,0,50,2020
TIZAPÁN EL ALTO,110,0,0,0,0,110,0,2020
TLAJOMULCO,346,14,135,139,0,0,58,2020
TLAQUEPAQUE,1313,297,317,619,0,0,80,2020
TOLIMÁN ,16,0,0,0,0,0,16,2020
TOMATLAN,163,0,50,45,47,11,10,2020
TONALA,594,18,0,350,31,0,195,2020
TONAYA,39,0,0,0,39,0,0,2020
TOTATICHE,120,0,0,0,109,11,0,2020
TOTOTLÁN,33,0,0,0,0,0,33,2020
TUXCUECA,21,0,0,0,0,21,N/D,2020
TUXPAN,86,0,0,13,0,18,55,2020
UNION DE SAN ANTONIO,89,0,0,0,0,0,89,2020
UNION DE TULA,98,0,19,26,0,0,53,2020
VALLE DE GUADALUPE,25,0,0,0,0,0,25,2020
VALLE DE JUAREZ,58,0,0,0,0,0,58,2020
VILLA CORONA,107,0,0,0,0,0,107,2020
VILLA GUERRERO,17,0,0,0,17,0,0,2020
VILLA HIDALGO,372,0,18,39,28,72,215,2020
VILLA PURIFICACIÓN,65,0,36,0,6,10,13,2020
YAHUALICA DE GONZÁLEZ GALLO,142,11,42,24,40,0,25,2020
ZACOALCO DE TORRES,127,0,15,12,0,100,0,2020
ZAPOPAN,7097,1607,2856,1673,277,107,577,2020
ZAPOTILTIC,54,0,18,0,0,0,36,2020
ZAPOTITLAN DE VADILLO,20,0,0,0,0,0,20,2020
ZAPOTLAN DEL REY,28,13,0,15,0,0,0,2020
ZAPOTLAN EL GRANDE,537,0,137,239,60,101,0,2020
ZAPOTLANEJO,211,0,18,176,17,0,N/D,2020
