municipio,Agencias de viajes,Balnearios,Campos de golf,Empresas arrendadoras de automóviles,Marinas turísticas,Muelles de atraque,Transportadoras turísticas especializadas,año
CHIMALTITÁN,0,2,0,0,0,0,0,2013
COLOTLÁN,3,3,0,0,0,0,0,2013
HUEJÚCAR,2,1,0,0,0,0,0,2013
HUEJUQUILLA EL ALTO,1,1,0,0,0,0,0,2013
MEZQUITIC,1,0,0,0,0,0,0,2013
SAN MARTÍN DE BOLAÑOS,0,1,0,0,0,0,0,2013
SANTA MARÍA DE LOS ÁNGELES,0,1,0,0,0,0,0,2013
TOTATICHE,1,0,0,0,0,0,0,2013
VILLA GUERRERO,1,0,0,0,0,0,0,2013
ENCARNACIÓN DE DÍAZ,6,7,0,0,0,0,0,2013
LAGOS DE MORENO,15,9,1,0,0,0,0,2013
SAN DIEGO DE ALEJANDRÍA,2,0,0,0,0,0,0,2013
SAN JUAN DE LOS LAGOS,8,2,0,0,0,0,0,2013
TEOCALTICHE,5,0,0,0,0,0,0,2013
UNIÓN DE SAN ANTONIO,2,1,0,0,0,0,0,2013
VILLA HIDALGO,1,1,0,0,0,0,0,2013
ACATIC,3,0,0,0,0,0,0,2013
ARANDAS,11,1,0,0,0,0,0,2013
CAÑADAS DE OBREGÓN,1,3,0,0,0,0,0,2013
JALOSTOTITLÁN,4,1,0,0,0,0,0,2013
JESÚS MARÍA,4,0,0,0,0,0,0,2013
MEXTICACÁN,2,1,0,0,0,0,0,2013
SAN IGNACIO CERRO GORDO,1,0,0,0,0,0,0,2013
SAN JULIÁN,1,1,0,0,0,0,0,2013
SAN MIGUEL EL ALTO,4,0,0,0,0,0,0,2013
TEPATITLÁN DE MORELOS,22,5,1,0,0,0,1,2013
VALLE DE GUADALUPE,3,0,0,0,0,0,0,2013
YAHUALICA DE GONZÁLEZ GALLO,4,1,0,0,0,0,0,2013
ATOTONILCO EL ALTO,7,4,0,0,0,0,0,2013
AYOTLÁN,3,3,0,0,0,0,0,2013
CHAPALA,4,2,2,2,0,0,40,2013
DEGOLLADO,5,3,0,0,0,0,0,2013
JAMAY,3,1,0,0,0,0,11,2013
JOCOTEPEC,2,3,0,0,0,0,1,2013
LA BARCA,5,3,0,1,0,0,0,2013
OCOTLÁN,8,2,1,0,0,0,0,2013
PONCITLÁN,6,0,0,0,0,0,32,2013
TIZAPÁN EL ALTO,2,1,0,0,0,0,3,2013
TOTOTLÁN,3,0,0,0,0,0,0,2013
TUXCUECA,0,0,0,0,0,0,1,2013
ZAPOTLÁN DEL REY,1,0,0,0,0,0,1,2013
MAZAMITLA,2,0,0,0,0,0,0,2013
TAMAZULA DE GORDIANO,4,3,0,0,0,0,0,2013
TECALITLÁN,2,0,0,0,0,0,0,2013
AMACUECA,0,1,0,0,0,0,0,2013
SAYULA,3,2,0,0,0,0,0,2013
TAPALPA,1,0,1,0,0,0,0,2013
TUXPAN,3,2,0,0,0,0,0,2013
ZACOALCO DE TORRES,4,2,0,0,0,0,0,2013
ZAPOTILTIC,3,2,0,0,0,0,0,2013
ZAPOTITLÁN DE VADILLO,1,0,0,0,0,0,0,2013
ZAPOTLÁN EL GRANDE,7,1,0,1,0,0,0,2013
CHIQUILISTLÁN,0,1,0,0,0,0,0,2013
EL GRULLO,2,0,0,0,0,0,0,2013
EL LIMÓN,0,2,0,0,0,0,0,2013
JUCHITLÁN,1,0,0,0,0,0,0,2013
TECOLOTLÁN,3,0,0,0,0,0,0,2013
TONAYA,2,0,0,0,0,0,0,2013
UNIÓN DE TULA,1,0,0,0,0,0,0,2013
AUTLÁN DE NAVARRO,3,4,0,0,0,0,0,2013
CASIMIRO CASTILLO,1,2,0,0,0,0,0,2013
CIHUATLÁN,2,2,1,1,1,0,5,2013
LA HUERTA,0,2,0,0,0,0,0,2013
VILLA PURIFICACIÓN,0,6,0,0,0,0,0,2013
CABO CORRIENTES,1,0,0,0,0,1,1,2013
PUERTO VALLARTA,92,2,3,39,1,3,389,2013
TOMATLÁN,0,1,0,0,0,0,0,2013
ATENGUILLO,1,1,0,0,0,0,0,2013
AYUTLA,1,0,0,0,0,0,0,2013
MASCOTA,2,1,0,0,0,0,3,2013
TALPA DE ALLENDE,0,3,0,0,0,0,0,2013
AHUALULCO DE MERCADO,2,1,0,0,0,0,0,2013
AMATITÁN,0,1,0,0,0,0,0,2013
AMECA,3,1,0,0,0,0,0,2013
COCULA,2,0,0,0,0,0,0,2013
EL ARENAL,0,2,0,0,0,0,0,2013
ETZATLÁN,2,3,0,0,0,0,0,2013
MAGDALENA,2,0,0,0,0,0,0,2013
SAN MARCOS,0,1,0,0,0,0,0,2013
SAN MARTÍN HIDALGO,3,0,0,0,0,0,0,2013
TALA,6,9,0,0,0,0,0,2013
TEQUILA,2,3,0,0,0,0,9,2013
TEUCHITLÁN,0,5,0,0,0,0,0,2013
ACATLÁN DE JUÁREZ,1,1,0,0,0,0,0,2013
CUQUÍO,3,0,0,0,0,0,0,2013
EL SALTO,1,0,0,0,0,0,0,2013
GUADALAJARA,316,2,2,44,0,0,24,2013
IXTLAHUACÁN DE LOS MEMBRILLOS,0,2,0,0,0,0,0,2013
IXTLAHUACÁN DEL RÍO,3,0,0,0,0,0,1,2013
JUANACATLÁN,1,0,0,0,0,0,0,2013
SAN PEDRO TLAQUEPAQUE,22,1,0,0,0,0,4,2013
TLAJOMULCO DE ZÚÑIGA,7,3,1,6,0,12,0,2013
TONALÁ,10,1,0,0,0,0,0,2013
VILLA CORONA,2,5,0,0,0,0,0,2013
ZAPOPAN,123,10,3,10,0,0,5,2013
ZAPOTLANEJO,6,2,0,0,0,0,0,2013
CHIMALTITÁN,0,2,0,0,0,0,0,2014
COLOTLÁN,3,3,0,0,0,0,0,2014
HUEJÚCAR,2,1,0,0,0,0,0,2014
HUEJUQUILLA EL ALTO,1,1,0,0,0,0,0,2014
MEZQUITIC,1,0,0,0,0,0,0,2014
SAN MARTÍN DE BOLAÑOS,0,1,0,0,0,0,0,2014
SANTA MARÍA DE LOS ÁNGELES,0,1,0,0,0,0,0,2014
TOTATICHE,1,0,0,0,0,0,0,2014
VILLA GUERRERO,1,0,0,0,0,0,0,2014
ENCARNACIÓN DE DÍAZ,6,7,0,0,0,0,0,2014
LAGOS DE MORENO,15,9,1,0,0,0,0,2014
SAN DIEGO DE ALEJANDRÍA,2,0,0,0,0,0,0,2014
SAN JUAN DE LOS LAGOS,8,2,0,0,0,0,0,2014
TEOCALTICHE,5,0,0,0,0,0,0,2014
UNIÓN DE SAN ANTONIO,2,1,0,0,0,0,0,2014
VILLA HIDALGO,1,1,0,0,0,0,0,2014
ACATIC,3,0,0,0,0,0,0,2014
ARANDAS,11,1,0,0,0,0,0,2014
CAÑADAS DE OBREGÓN,1,3,0,0,0,0,0,2014
JALOSTOTITLÁN,4,1,0,0,0,0,0,2014
JESÚS MARÍA,4,0,0,0,0,0,0,2014
MEXTICACÁN,2,1,0,0,0,0,0,2014
SAN IGNACIO CERRO GORDO,1,0,0,0,0,0,0,2014
SAN JULIÁN,1,1,0,0,0,0,0,2014
SAN MIGUEL EL ALTO,4,0,0,0,0,0,0,2014
TEPATITLÁN DE MORELOS,22,5,1,0,0,0,1,2014
VALLE DE GUADALUPE,3,0,0,0,0,0,0,2014
YAHUALICA DE GONZÁLEZ GALLO,4,1,0,0,0,0,0,2014
ATOTONILCO EL ALTO,7,4,0,0,0,0,0,2014
AYOTLÁN,3,3,0,0,0,0,0,2014
CHAPALA,4,2,2,2,0,0,40,2014
DEGOLLADO,5,3,0,0,0,0,0,2014
JAMAY,3,1,0,0,0,0,11,2014
JOCOTEPEC,2,3,0,0,0,0,1,2014
LA BARCA,5,3,0,1,0,0,0,2014
OCOTLÁN,8,2,1,0,0,0,0,2014
PONCITLÁN,6,0,0,0,0,0,32,2014
TIZAPÁN EL ALTO,2,1,0,0,0,0,3,2014
TOTOTLÁN,3,0,0,0,0,0,0,2014
TUXCUECA,0,0,0,0,0,0,1,2014
ZAPOTLÁN DEL REY,1,0,0,0,0,0,1,2014
MAZAMITLA,2,0,0,0,0,0,0,2014
TAMAZULA DE GORDIANO,4,3,0,0,0,0,0,2014
TECALITLÁN,2,0,0,0,0,0,0,2014
AMACUECA,0,1,0,0,0,0,0,2014
SAYULA,3,2,0,0,0,0,0,2014
TAPALPA,1,0,1,0,0,0,0,2014
TUXPAN,3,2,0,0,0,0,0,2014
ZACOALCO DE TORRES,4,2,0,0,0,0,0,2014
ZAPOTILTIC,3,2,0,0,0,0,0,2014
ZAPOTITLÁN DE VADILLO,1,0,0,0,0,0,0,2014
ZAPOTLÁN EL GRANDE,7,1,0,1,0,0,0,2014
CHIQUILISTLÁN,0,1,0,0,0,0,0,2014
EL GRULLO,2,0,0,0,0,0,0,2014
EL LIMÓN,0,2,0,0,0,0,0,2014
JUCHITLÁN,1,0,0,0,0,0,0,2014
TECOLOTLÁN,3,0,0,0,0,0,0,2014
TONAYA,2,0,0,0,0,0,0,2014
UNIÓN DE TULA,1,0,0,0,0,0,0,2014
AUTLÁN DE NAVARRO,3,4,0,0,0,0,0,2014
CASIMIRO CASTILLO,1,2,0,0,0,0,0,2014
CIHUATLÁN,2,2,1,1,1,0,5,2014
LA HUERTA,0,2,0,0,0,0,0,2014
VILLA PURIFICACIÓN,0,6,0,0,0,0,0,2014
CABO CORRIENTES,1,0,0,0,0,1,1,2014
PUERTO VALLARTA,92,2,3,39,1,3,389,2014
TOMATLÁN,0,1,0,0,0,0,0,2014
ATENGUILLO,1,1,0,0,0,0,0,2014
AYUTLA,1,0,0,0,0,0,0,2014
MASCOTA,2,1,0,0,0,0,3,2014
TALPA DE ALLENDE,0,3,0,0,0,0,0,2014
AHUALULCO DE MERCADO,2,1,0,0,0,0,0,2014
AMATITÁN,0,1,0,0,0,0,0,2014
AMECA,3,1,0,0,0,0,0,2014
COCULA,2,0,0,0,0,0,0,2014
EL ARENAL,0,2,0,0,0,0,0,2014
ETZATLÁN,2,3,0,0,0,0,0,2014
MAGDALENA,2,0,0,0,0,0,0,2014
SAN MARCOS,0,1,0,0,0,0,0,2014
SAN MARTÍN HIDALGO,3,0,0,0,0,0,0,2014
TALA,6,9,0,0,0,0,0,2014
TEQUILA,2,3,0,0,0,0,9,2014
TEUCHITLÁN,0,5,0,0,0,0,0,2014
ACATLÁN DE JUÁREZ,1,1,0,0,0,0,0,2014
CUQUÍO,3,0,0,0,0,0,0,2014
EL SALTO,1,0,0,0,0,0,0,2014
GUADALAJARA,316,2,2,44,0,0,24,2014
IXTLAHUACÁN DE LOS MEMBRILLOS,0,2,0,0,0,0,0,2014
IXTLAHUACÁN DEL RÍO,3,0,0,0,0,0,1,2014
JUANACATLÁN,1,0,0,0,0,0,0,2014
SAN PEDRO TLAQUEPAQUE,22,1,0,0,0,0,4,2014
TLAJOMULCO DE ZÚÑIGA,7,3,1,6,0,12,0,2014
TONALÁ,10,1,0,0,0,0,0,2014
VILLA CORONA,2,5,0,0,0,0,0,2014
ZAPOPAN,123,10,3,10,0,0,5,2014
ZAPOTLANEJO,6,2,0,0,0,0,0,2014
CHIMALTITÁN,0,2,0,0,0,0,0,2015
COLOTLÁN,3,3,0,0,0,0,0,2015
HUEJÚCAR,2,1,0,0,0,0,0,2015
HUEJUQUILLA EL ALTO,1,1,0,0,0,0,0,2015
MEZQUITIC,1,0,0,0,0,0,0,2015
SAN MARTÍN DE BOLAÑOS,0,1,0,0,0,0,0,2015
SANTA MARÍA DE LOS ÁNGELES,0,1,0,0,0,0,0,2015
TOTATICHE,1,0,0,0,0,0,0,2015
VILLA GUERRERO,1,0,0,0,0,0,0,2015
ENCARNACIÓN DE DÍAZ,6,7,0,0,0,0,0,2015
LAGOS DE MORENO,15,9,1,0,0,0,0,2015
SAN DIEGO DE ALEJANDRÍA,2,0,0,0,0,0,0,2015
SAN JUAN DE LOS LAGOS,8,2,0,0,0,0,0,2015
TEOCALTICHE,5,0,0,0,0,0,0,2015
UNIÓN DE SAN ANTONIO,2,1,0,0,0,0,0,2015
VILLA HIDALGO,1,1,0,0,0,0,0,2015
ACATIC,3,0,0,0,0,0,0,2015
ARANDAS,11,1,0,0,0,0,0,2015
CAÑADAS DE OBREGÓN,1,3,0,0,0,0,0,2015
JALOSTOTITLÁN,4,1,0,0,0,0,0,2015
JESÚS MARÍA,4,0,0,0,0,0,0,2015
MEXTICACÁN,2,1,0,0,0,0,0,2015
SAN IGNACIO CERRO GORDO,1,0,0,0,0,0,0,2015
SAN JULIÁN,1,1,0,0,0,0,0,2015
SAN MIGUEL EL ALTO,4,0,0,0,0,0,0,2015
TEPATITLÁN DE MORELOS,22,5,1,0,0,0,1,2015
VALLE DE GUADALUPE,3,0,0,0,0,0,0,2015
YAHUALICA DE GONZÁLEZ GALLO,4,1,0,0,0,0,0,2015
ATOTONILCO EL ALTO,7,4,0,0,0,0,0,2015
AYOTLÁN,3,3,0,0,0,0,0,2015
CHAPALA,4,2,2,2,0,0,40,2015
DEGOLLADO,5,3,0,0,0,0,0,2015
JAMAY,3,1,0,0,0,0,11,2015
JOCOTEPEC,2,3,0,0,0,0,1,2015
LA BARCA,5,3,0,1,0,0,0,2015
OCOTLÁN,8,2,1,0,0,0,0,2015
PONCITLÁN,6,0,0,0,0,0,32,2015
TIZAPÁN EL ALTO,2,1,0,0,0,0,3,2015
TOTOTLÁN,3,0,0,0,0,0,0,2015
TUXCUECA,0,0,0,0,0,0,1,2015
ZAPOTLÁN DEL REY,1,0,0,0,0,0,1,2015
MAZAMITLA,2,0,0,0,0,0,0,2015
TAMAZULA DE GORDIANO,4,3,0,0,0,0,0,2015
TECALITLÁN,2,0,0,0,0,0,0,2015
AMACUECA,0,1,0,0,0,0,0,2015
SAYULA,3,2,0,0,0,0,0,2015
TAPALPA,1,0,1,0,0,0,0,2015
TUXPAN,3,2,0,0,0,0,0,2015
ZACOALCO DE TORRES,4,2,0,0,0,0,0,2015
ZAPOTILTIC,3,2,0,0,0,0,0,2015
ZAPOTITLÁN DE VADILLO,1,0,0,0,0,0,0,2015
ZAPOTLÁN EL GRANDE,7,1,0,1,0,0,0,2015
CHIQUILISTLÁN,0,1,0,0,0,0,0,2015
EL GRULLO,2,0,0,0,0,0,0,2015
EL LIMÓN,0,2,0,0,0,0,0,2015
JUCHITLÁN,1,0,0,0,0,0,0,2015
TECOLOTLÁN,3,0,0,0,0,0,0,2015
TONAYA,2,0,0,0,0,0,0,2015
UNIÓN DE TULA,1,0,0,0,0,0,0,2015
AUTLÁN DE NAVARRO,3,4,0,0,0,0,0,2015
CASIMIRO CASTILLO,1,2,0,0,0,0,0,2015
CIHUATLÁN,2,2,1,1,1,0,5,2015
LA HUERTA,0,2,0,0,0,0,0,2015
VILLA PURIFICACIÓN,0,6,0,0,0,0,0,2015
CABO CORRIENTES,1,0,0,0,0,1,1,2015
PUERTO VALLARTA,92,2,3,39,1,3,389,2015
TOMATLÁN,0,1,0,0,0,0,0,2015
ATENGUILLO,1,1,0,0,0,0,0,2015
AYUTLA,1,0,0,0,0,0,0,2015
MASCOTA,2,1,0,0,0,0,3,2015
TALPA DE ALLENDE,0,3,0,0,0,0,0,2015
AHUALULCO DE MERCADO,2,1,0,0,0,0,0,2015
AMATITÁN,0,1,0,0,0,0,0,2015
AMECA,3,1,0,0,0,0,0,2015
COCULA,2,0,0,0,0,0,0,2015
EL ARENAL,0,2,0,0,0,0,0,2015
ETZATLÁN,2,3,0,0,0,0,0,2015
MAGDALENA,2,0,0,0,0,0,0,2015
SAN MARCOS,0,1,0,0,0,0,0,2015
SAN MARTÍN HIDALGO,3,0,0,0,0,0,0,2015
TALA,6,9,0,0,0,0,0,2015
TEQUILA,2,3,0,0,0,0,9,2015
TEUCHITLÁN,0,5,0,0,0,0,0,2015
ACATLÁN DE JUÁREZ,1,1,0,0,0,0,0,2015
CUQUÍO,3,0,0,0,0,0,0,2015
EL SALTO,1,0,0,0,0,0,0,2015
GUADALAJARA,316,2,2,44,0,0,24,2015
IXTLAHUACÁN DE LOS MEMBRILLOS,0,2,0,0,0,0,0,2015
IXTLAHUACÁN DEL RÍO,3,0,0,0,0,0,1,2015
JUANACATLÁN,1,0,0,0,0,0,0,2015
SAN PEDRO TLAQUEPAQUE,22,1,0,0,0,0,4,2015
TLAJOMULCO DE ZÚÑIGA,7,3,1,6,0,12,0,2015
TONALÁ,10,1,0,0,0,0,0,2015
VILLA CORONA,2,5,0,0,0,0,0,2015
ZAPOPAN,123,10,3,10,0,0,5,2015
ZAPOTLANEJO,6,2,0,0,0,0,0,2015
CHIMALTITÁN,0,2,0,0,0,0,0,2016
COLOTLÁN,3,3,0,0,0,0,0,2016
HUEJÚCAR,2,1,0,0,0,0,0,2016
HUEJUQUILLA EL ALTO,1,1,0,0,0,0,0,2016
MEZQUITIC,1,0,0,0,0,0,0,2016
SAN MARTÍN DE BOLAÑOS,0,1,0,0,0,0,0,2016
SANTA MARÍA DE LOS ÁNGELES,0,1,0,0,0,0,0,2016
TOTATICHE,1,0,0,0,0,0,0,2016
VILLA GUERRERO,1,0,0,0,0,0,0,2016
ENCARNACIÓN DE DÍAZ,6,7,0,0,0,0,0,2016
LAGOS DE MORENO,15,9,1,0,0,0,0,2016
SAN DIEGO DE ALEJANDRÍA,2,0,0,0,0,0,0,2016
SAN JUAN DE LOS LAGOS,8,2,0,0,0,0,0,2016
TEOCALTICHE,5,0,0,0,0,0,0,2016
UNIÓN DE SAN ANTONIO,2,1,0,0,0,0,0,2016
VILLA HIDALGO,1,1,0,0,0,0,0,2016
ACATIC,3,0,0,0,0,0,0,2016
ARANDAS,11,1,0,0,0,0,0,2016
CAÑADAS DE OBREGÓN,1,3,0,0,0,0,0,2016
JALOSTOTITLÁN,4,1,0,0,0,0,0,2016
JESÚS MARÍA,4,0,0,0,0,0,0,2016
MEXTICACÁN,2,1,0,0,0,0,0,2016
SAN IGNACIO CERRO GORDO,1,0,0,0,0,0,0,2016
SAN JULIÁN,1,1,0,0,0,0,0,2016
SAN MIGUEL EL ALTO,4,0,0,0,0,0,0,2016
TEPATITLÁN DE MORELOS,22,5,1,0,0,0,1,2016
VALLE DE GUADALUPE,3,0,0,0,0,0,0,2016
YAHUALICA DE GONZÁLEZ GALLO,4,1,0,0,0,0,0,2016
ATOTONILCO EL ALTO,7,4,0,0,0,0,0,2016
AYOTLÁN,3,3,0,0,0,0,0,2016
CHAPALA,4,2,2,2,0,0,40,2016
DEGOLLADO,5,3,0,0,0,0,0,2016
JAMAY,3,1,0,0,0,0,11,2016
JOCOTEPEC,2,3,0,0,0,0,1,2016
LA BARCA,5,3,0,1,0,0,0,2016
OCOTLÁN,8,2,1,0,0,0,0,2016
PONCITLÁN,6,0,0,0,0,0,32,2016
TIZAPÁN EL ALTO,2,1,0,0,0,0,3,2016
TOTOTLÁN,3,0,0,0,0,0,0,2016
TUXCUECA,0,0,0,0,0,0,1,2016
ZAPOTLÁN DEL REY,1,0,0,0,0,0,1,2016
MAZAMITLA,2,0,0,0,0,0,0,2016
TAMAZULA DE GORDIANO,4,3,0,0,0,0,0,2016
TECALITLÁN,2,0,0,0,0,0,0,2016
AMACUECA,0,1,0,0,0,0,0,2016
SAYULA,3,2,0,0,0,0,0,2016
TAPALPA,1,0,1,0,0,0,0,2016
TUXPAN,3,2,0,0,0,0,0,2016
ZACOALCO DE TORRES,4,2,0,0,0,0,0,2016
ZAPOTILTIC,3,2,0,0,0,0,0,2016
ZAPOTITLÁN DE VADILLO,1,0,0,0,0,0,0,2016
ZAPOTLÁN EL GRANDE,7,1,0,1,0,0,0,2016
CHIQUILISTLÁN,0,1,0,0,0,0,0,2016
EL GRULLO,2,0,0,0,0,0,0,2016
EL LIMÓN,0,2,0,0,0,0,0,2016
JUCHITLÁN,1,0,0,0,0,0,0,2016
TECOLOTLÁN,3,0,0,0,0,0,0,2016
TONAYA,2,0,0,0,0,0,0,2016
UNIÓN DE TULA,1,0,0,0,0,0,0,2016
AUTLÁN DE NAVARRO,3,4,0,0,0,0,0,2016
CASIMIRO CASTILLO,1,2,0,0,0,0,0,2016
CIHUATLÁN,2,2,1,1,1,0,5,2016
LA HUERTA,0,2,0,0,0,0,0,2016
VILLA PURIFICACIÓN,0,6,0,0,0,0,0,2016
CABO CORRIENTES,1,0,0,0,0,1,1,2016
PUERTO VALLARTA,92,2,3,39,1,3,389,2016
TOMATLÁN,0,1,0,0,0,0,0,2016
ATENGUILLO,1,1,0,0,0,0,0,2016
AYUTLA,1,0,0,0,0,0,0,2016
MASCOTA,2,1,0,0,0,0,3,2016
TALPA DE ALLENDE,0,3,0,0,0,0,0,2016
AHUALULCO DE MERCADO,2,1,0,0,0,0,0,2016
AMATITÁN,0,1,0,0,0,0,0,2016
AMECA,3,1,0,0,0,0,0,2016
COCULA,2,0,0,0,0,0,0,2016
EL ARENAL,0,2,0,0,0,0,0,2016
ETZATLÁN,2,3,0,0,0,0,0,2016
MAGDALENA,2,0,0,0,0,0,0,2016
SAN MARCOS,0,1,0,0,0,0,0,2016
SAN MARTÍN HIDALGO,3,0,0,0,0,0,0,2016
TALA,6,9,0,0,0,0,0,2016
TEQUILA,2,3,0,0,0,0,9,2016
TEUCHITLÁN,0,5,0,0,0,0,0,2016
ACATLÁN DE JUÁREZ,1,1,0,0,0,0,0,2016
CUQUÍO,3,0,0,0,0,0,0,2016
EL SALTO,1,0,0,0,0,0,0,2016
GUADALAJARA,316,2,2,44,0,0,24,2016
IXTLAHUACÁN DE LOS MEMBRILLOS,0,2,0,0,0,0,0,2016
IXTLAHUACÁN DEL RÍO,3,0,0,0,0,0,1,2016
JUANACATLÁN,1,0,0,0,0,0,0,2016
SAN PEDRO TLAQUEPAQUE,22,1,0,0,0,0,4,2016
TLAJOMULCO DE ZÚÑIGA,7,3,1,6,0,12,0,2016
TONALÁ,10,1,0,0,0,0,0,2016
VILLA CORONA,2,5,0,0,0,0,0,2016
ZAPOPAN,123,10,3,10,0,0,5,2016
ZAPOTLANEJO,6,2,0,0,0,0,0,2016
ACATIC,1,0,0,0,0,0,0,2017
ACATLÁN DE JUÁREZ,1,1,0,0,0,0,0,2017
AHUALULCO DE MERCADO,2,0,0,0,0,0,0,2017
AMACUECA,0,1,0,0,0,0,0,2017
AMATITÁN,0,0,0,0,0,0,0,2017
AMECA,5,1,0,0,0,0,0,2017
ARANDAS,12,0,0,0,0,0,0,2017
ATENGUILLO,1,0,0,0,0,0,0,2017
ATOTONILCO EL ALTO,8,0,0,0,0,0,0,2017
AUTLÁN DE NAVARRO,2,0,0,0,0,0,0,2017
AYOTLÁN,1,1,0,0,0,0,0,2017
AYUTLA,1,0,0,0,0,0,0,2017
BOLAÑOS,0,0,0,0,0,0,0,2017
CABO CORRIENTES,0,0,0,0,0,1,10,2017
CASIMIRO CASTILLO,1,2,0,0,0,0,0,2017
CHAPALA,3,0,1,1,0,0,0,2017
CHIQUILISTLÁN,0,0,0,0,0,0,0,2017
CIHUATLÁN,5,2,0,0,1,0,8,2017
COCULA,1,0,0,0,0,0,0,2017
COLOTLÁN,2,0,0,0,0,0,0,2017
CONCEPCIÓN DE BUENOS AIRES,0,0,0,0,0,0,0,2017
CUAUTITLÁN DE GARCÍA BARRAGÁN,0,0,0,0,0,0,0,2017
CUQUÍO,2,0,0,0,0,0,0,2017
DEGOLLADO,1,0,0,0,0,0,0,2017
EL ARENAL,0,0,0,0,0,0,0,2017
EL GRULLO,3,1,0,0,0,0,0,2017
EL SALTO,3,0,1,3,0,0,0,2017
ENCARNACIÓN DE DÍAZ,7,1,0,0,0,0,0,2017
ETZATLÁN,4,1,0,0,0,0,0,2017
GÓMEZ FARÍAS,0,0,0,0,0,0,0,2017
GUADALAJARA,361,2,1,57,0,0,7,2017
HUEJÚCAR,2,0,0,0,0,0,0,2017
HUEJUQUILLA EL ALTO,0,0,0,0,0,0,0,2017
IXTLAHUACÁN DE LOS MEMBRILLOS,0,0,0,0,0,0,0,2017
IXTLAHUACÁN DEL RÍO,1,0,0,0,0,0,0,2017
JALOSTOTITLÁN,7,0,0,0,0,0,0,2017
JAMAY,2,0,0,0,0,0,0,2017
JESÚS MARÍA,3,0,0,0,0,0,0,2017
JOCOTEPEC,3,1,0,0,0,0,0,2017
JUANACATLÁN,0,0,0,0,0,0,0,2017
LA BARCA,5,0,0,1,0,0,0,2017
LA HUERTA,0,1,0,0,0,0,0,2017
LA MANZANILLA DE LA PAZ,0,0,0,0,0,0,0,2017
LAGOS DE MORENO,12,1,0,0,0,0,0,2017
MAGDALENA,0,0,0,0,0,0,0,2017
MASCOTA,1,1,0,0,0,0,2,2017
MAZAMITLA,4,0,0,0,0,0,2,2017
MEZQUITIC,0,0,0,0,0,0,0,2017
OCOTLÁN,7,2,0,0,0,0,1,2017
OJUELOS DE JALISCO,0,0,0,0,0,0,0,2017
PIHUAMO,0,1,0,0,0,0,1,2017
PONCITLÁN,3,0,0,0,0,0,0,2017
PUERTO VALLARTA,87,2,2,50,1,3,89,2017
QUITUPAN,0,0,0,0,0,0,0,2017
SAN DIEGO DE ALEJANDRÍA,0,0,0,0,0,0,0,2017
SAN GABRIEL,0,0,0,0,0,0,0,2017
SAN IGNACIO CERRO GORDO,3,0,0,0,0,0,0,2017
SAN JUAN DE LOS LAGOS,6,0,0,1,0,0,0,2017
SAN JUANITO DE ESCOBEDO,0,2,0,0,0,0,0,2017
SAN JULIÁN,2,0,0,0,0,0,0,2017
SAN MARCOS,0,0,0,0,0,0,0,2017
SAN MARTÍN HIDALGO,3,0,0,0,0,0,1,2017
SAN MIGUEL EL ALTO,3,0,0,0,0,0,0,2017
SAN PEDRO TLAQUEPAQUE,30,0,0,0,0,0,2,2017
SAN SEBASTIÁN DEL OESTE,0,0,0,0,0,0,0,2017
SAYULA,1,2,0,0,0,0,0,2017
TALA,2,1,0,0,0,0,2,2017
TALPA DE ALLENDE,0,0,0,0,0,0,0,2017
TAMAZULA DE GORDIANO,3,3,0,0,0,0,0,2017
TAPALPA,1,0,0,0,0,0,0,2017
TECALITLÁN,1,0,0,0,0,0,0,2017
TECOLOTLÁN,3,2,0,0,0,0,0,2017
TENAMAXTLÁN,0,0,0,0,0,0,0,2017
TEOCALTICHE,2,0,0,0,0,0,0,2017
TEOCUITATLÁN DE CORONA,0,0,0,0,0,0,0,2017
TEPATITLÁN DE MORELOS,31,0,0,0,0,0,0,2017
TEQUILA,8,1,0,0,0,0,6,2017
TEUCHITLÁN,0,2,0,0,0,0,0,2017
TIZAPÁN EL ALTO,1,0,0,0,0,0,0,2017
TLAJOMULCO DE ZÚÑIGA,14,3,2,20,0,12,0,2017
TOMATLÁN,0,0,0,0,0,0,0,2017
TONALÁ,28,1,0,1,0,0,3,2017
TONAYA,1,0,0,0,0,0,0,2017
TONILA,0,0,0,0,0,0,0,2017
TOTOTLÁN,2,0,0,0,0,0,0,2017
TUXPAN,2,1,0,0,0,0,1,2017
UNIÓN DE SAN ANTONIO,0,0,0,0,0,0,0,2017
UNIÓN DE TULA,1,0,0,0,0,0,0,2017
VALLE DE GUADALUPE,2,0,0,0,0,0,0,2017
VALLE DE JUÁREZ,1,0,0,0,0,0,0,2017
VILLA CORONA,2,1,0,0,0,0,0,2017
VILLA GUERRERO,1,0,0,0,0,0,0,2017
VILLA HIDALGO,2,0,0,0,0,0,0,2017
VILLA PURIFICACIÓN,0,0,0,0,0,0,0,2017
YAHUALICA DE GONZÁLEZ GALLO,3,0,0,0,0,0,0,2017
ZACOALCO DE TORRES,1,0,0,0,0,0,0,2017
ZAPOPAN,163,4,3,19,0,0,6,2017
ZAPOTILTIC,3,0,0,0,0,0,0,2017
ZAPOTLÁN DEL REY,0,0,0,0,0,0,0,2017
ZAPOTLÁN EL GRANDE,11,0,0,0,0,0,1,2017
ZAPOTLANEJO,6,0,0,0,0,0,0,2017
ACATIC,1,0,0,0,0,0,0,2018
ACATLÁN DE JUÁREZ,1,1,0,0,0,0,0,2018
AHUALULCO DE MERCADO,2,0,0,0,0,0,0,2018
AMACUECA,0,1,0,0,0,0,0,2018
AMATITÁN,0,0,0,0,0,0,0,2018
AMECA,5,1,0,0,0,0,0,2018
ARANDAS,12,0,0,0,0,0,0,2018
ATENGUILLO,1,0,0,0,0,0,0,2018
ATOTONILCO EL ALTO,8,0,0,0,0,0,0,2018
AUTLÁN DE NAVARRO,2,0,0,0,0,0,0,2018
AYOTLÁN,1,1,0,0,0,0,0,2018
AYUTLA,1,0,0,0,0,0,0,2018
BOLAÑOS,0,0,0,0,0,0,0,2018
CABO CORRIENTES,0,0,0,0,0,1,10,2018
CASIMIRO CASTILLO,1,2,0,0,0,0,0,2018
CHAPALA,3,0,1,1,0,0,0,2018
CHIQUILISTLÁN,0,0,0,0,0,0,0,2018
CIHUATLÁN,5,2,0,0,1,0,8,2018
COCULA,1,0,0,0,0,0,0,2018
COLOTLÁN,2,0,0,0,0,0,0,2018
CONCEPCIÓN DE BUENOS AIRES,0,0,0,0,0,0,0,2018
CUAUTITLÁN DE GARCÍA BARRAGÁN,0,0,0,0,0,0,0,2018
CUQUÍO,2,0,0,0,0,0,0,2018
DEGOLLADO,1,0,0,0,0,0,0,2018
EL ARENAL,0,0,0,0,0,0,0,2018
EL GRULLO,3,1,0,0,0,0,0,2018
EL SALTO,3,0,1,3,0,0,0,2018
ENCARNACIÓN DE DÍAZ,7,1,0,0,0,0,0,2018
ETZATLÁN,4,1,0,0,0,0,0,2018
GÓMEZ FARÍAS,0,0,0,0,0,0,0,2018
GUADALAJARA,361,2,1,57,0,0,7,2018
HUEJÚCAR,2,0,0,0,0,0,0,2018
HUEJUQUILLA EL ALTO,0,0,0,0,0,0,0,2018
IXTLAHUACÁN DE LOS MEMBRILLOS,0,0,0,0,0,0,0,2018
IXTLAHUACÁN DEL RÍO,1,0,0,0,0,0,0,2018
JALOSTOTITLÁN,7,0,0,0,0,0,0,2018
JAMAY,2,0,0,0,0,0,0,2018
JESÚS MARÍA,3,0,0,0,0,0,0,2018
JOCOTEPEC,3,1,0,0,0,0,0,2018
JUANACATLÁN,0,0,0,0,0,0,0,2018
LA BARCA,5,0,0,1,0,0,0,2018
LA HUERTA,0,1,0,0,0,0,0,2018
LA MANZANILLA DE LA PAZ,0,0,0,0,0,0,0,2018
LAGOS DE MORENO,12,1,0,0,0,0,0,2018
MAGDALENA,0,0,0,0,0,0,0,2018
MASCOTA,1,1,0,0,0,0,2,2018
MAZAMITLA,4,0,0,0,0,0,2,2018
MEZQUITIC,0,0,0,0,0,0,0,2018
OCOTLÁN,7,2,0,0,0,0,1,2018
OJUELOS DE JALISCO,0,0,0,0,0,0,0,2018
PIHUAMO,0,1,0,0,0,0,1,2018
PONCITLÁN,3,0,0,0,0,0,0,2018
PUERTO VALLARTA,87,2,2,50,1,3,89,2018
QUITUPAN,0,0,0,0,0,0,0,2018
SAN DIEGO DE ALEJANDRÍA,0,0,0,0,0,0,0,2018
SAN GABRIEL,0,0,0,0,0,0,0,2018
SAN IGNACIO CERRO GORDO,3,0,0,0,0,0,0,2018
SAN JUAN DE LOS LAGOS,6,0,0,1,0,0,0,2018
SAN JUANITO DE ESCOBEDO,0,2,0,0,0,0,0,2018
SAN JULIÁN,2,0,0,0,0,0,0,2018
SAN MARCOS,0,0,0,0,0,0,0,2018
SAN MARTÍN HIDALGO,3,0,0,0,0,0,1,2018
SAN MIGUEL EL ALTO,3,0,0,0,0,0,0,2018
SAN PEDRO TLAQUEPAQUE,30,0,0,0,0,0,2,2018
SAN SEBASTIÁN DEL OESTE,0,0,0,0,0,0,0,2018
SAYULA,1,2,0,0,0,0,0,2018
TALA,2,1,0,0,0,0,2,2018
TALPA DE ALLENDE,0,0,0,0,0,0,0,2018
TAMAZULA DE GORDIANO,3,3,0,0,0,0,0,2018
TAPALPA,1,0,0,0,0,0,0,2018
TECALITLÁN,1,0,0,0,0,0,0,2018
TECOLOTLÁN,3,2,0,0,0,0,0,2018
TENAMAXTLÁN,0,0,0,0,0,0,0,2018
TEOCALTICHE,2,0,0,0,0,0,0,2018
TEOCUITATLÁN DE CORONA,0,0,0,0,0,0,0,2018
TEPATITLÁN DE MORELOS,31,0,0,0,0,0,0,2018
TEQUILA,8,1,0,0,0,0,6,2018
TEUCHITLÁN,0,2,0,0,0,0,0,2018
TIZAPÁN EL ALTO,1,0,0,0,0,0,0,2018
TLAJOMULCO DE ZÚÑIGA,14,3,2,20,0,12,0,2018
TOMATLÁN,0,0,0,0,0,0,0,2018
TONALÁ,28,1,0,1,0,0,3,2018
TONAYA,1,0,0,0,0,0,0,2018
TONILA,0,0,0,0,0,0,0,2018
TOTOTLÁN,2,0,0,0,0,0,0,2018
TUXPAN,2,1,0,0,0,0,1,2018
UNIÓN DE SAN ANTONIO,0,0,0,0,0,0,0,2018
UNIÓN DE TULA,1,0,0,0,0,0,0,2018
VALLE DE GUADALUPE,2,0,0,0,0,0,0,2018
VALLE DE JUÁREZ,1,0,0,0,0,0,0,2018
VILLA CORONA,2,1,0,0,0,0,0,2018
VILLA GUERRERO,1,0,0,0,0,0,0,2018
VILLA HIDALGO,2,0,0,0,0,0,0,2018
VILLA PURIFICACIÓN,0,0,0,0,0,0,0,2018
YAHUALICA DE GONZÁLEZ GALLO,3,0,0,0,0,0,0,2018
ZACOALCO DE TORRES,1,0,0,0,0,0,0,2018
ZAPOPAN,163,4,3,19,0,0,6,2018
ZAPOTILTIC,3,0,0,0,0,0,0,2018
ZAPOTLÁN DEL REY,0,0,0,0,0,0,0,2018
ZAPOTLÁN EL GRANDE,11,0,0,0,0,0,1,2018
ZAPOTLANEJO,6,0,0,0,0,0,0,2018
MUNICIPIO,554,82,96,11,2,53,318,2019
ACATIC,1,1,0,0,0,0,0,2019
ACATLÁN DE JUÁREZ,0,1,0,0,0,0,0,2019
AHUALULCO DE MERCADO,1,1,0,0,0,0,1,2019
AMACUECA,0,1,0,0,0,0,0,2019
AMATITÁN,0,3,0,0,0,0,0,2019
AMECA,5,1,0,0,0,0,1,2019
ARANDAS,10,0,0,0,0,0,0,2019
ATENGUILLO,1,0,0,0,0,0,0,2019
ATOTONILCO EL ALTO,7,0,0,0,0,0,0,2019
AUTLÁN DE NAVARRO,2,0,0,0,0,8,0,2019
AYOTLÁN,1,1,0,0,0,0,0,2019
AYUTLA,1,0,0,0,0,0,0,2019
CASIMIRO CASTILLO,1,3,0,0,0,0,0,2019
CHAPALA,2,0,1,1,0,0,0,2019
CIHUATLÁN,5,2,0,0,0,0,0,2019
CONCEPCIÓN DE BUENOS AIRES,0,0,0,0,0,0,1,2019
CUQUÍO,2,0,0,0,0,0,0,2019
DEGOLLADO,1,0,0,0,0,0,0,2019
EL GRULLO,1,1,0,0,0,0,0,2019
EL SALTO,3,0,1,0,0,0,0,2019
ENCARNACIÓN DE DÍAZ,6,1,0,0,0,0,0,2019
ETZATLÁN,2,0,0,0,0,0,2,2019
GUADALAJARA,146,2,32,1,1,13,32,2019
HUEJÚCAR,1,0,0,0,0,0,0,2019
IXTLAHUACÁN DE LOS MEMBRILLOS,0,1,0,0,0,0,0,2019
IXTLAHUACÁN DEL RÍO,1,1,0,0,0,0,0,2019
JALOSTOTITLÁN,5,0,0,0,0,0,0,2019
JAMAY,2,0,0,0,0,0,0,2019
JILOTLÁN DE LOS DOLORES,0,0,0,0,0,0,3,2019
JOCOTEPEC,3,4,0,0,0,0,0,2019
LA BARCA,5,0,1,0,0,0,0,2019
LA    HUERTA,0,4,0,0,0,0,0,2019
LAGOS DE MORENO,8,0,0,0,0,0,3,2019
MASCOTA,1,1,0,0,0,1,0,2019
MAZAMITLA,1,0,0,0,0,0,0,2019
OCOTLÁN,9,2,0,0,0,0,1,2019
PIHUMAMO,0,0,0,0,0,0,1,2019
PUERTO VALLARTA,91,2,40,2,1,13,154,2019
SAN IGNACIO CERRO GORDO,3,0,0,0,0,0,0,2019
SAN JUAN DE LOS LAGOS,6,2,0,0,0,0,0,2019
SAN JUANITO DE ESCOBEDO,0,2,0,0,0,0,0,2019
SAN JULIÁN,1,2,0,0,0,0,0,2019
SAN MARTÍN HIDALGO,1,0,0,0,0,0,0,2019
SAN MIGUEL EL ALTO,3,0,0,0,0,0,1,2019
SAN PEDRO TLAQUEPAUQE,5,0,0,0,0,0,30,2019
SAYULA,1,4,0,0,0,0,0,2019
TALA,2,1,0,0,0,0,0,2019
TAMAZULA DE GORDIANO,3,2,0,0,0,0,0,2019
TAPALPA,1,0,0,0,0,0,0,2019
TECALITLÁN,1,0,0,0,0,0,0,2019
TECOLOTLÁN,3,0,0,0,0,0,0,2019
TEOCALTICHE,2,0,0,0,0,0,0,2019
TEPATITLÁN DE MORELOS,25,4,0,0,0,0,0,2019
TEQUILA,6,4,0,0,0,0,64,2019
TEUCHITLÁN,0,2,0,0,0,0,8,2019
TIZAPÁN EL ALTO,1,0,0,0,0,0,0,2019
TLAJOMULCO DE ZUÑIGA,5,2,2,0,0,0,0,2019
TONALÁ,7,1,1,0,0,0,6,2019
TOTOTLÁN,0,1,0,0,0,0,0,2019
TUXPAN,1,1,0,0,0,0,1,2019
VALLE DE GUADALUPE,1,0,0,0,0,0,0,2019
VILLA CORONA,2,1,0,0,0,0,0,2019
VILLA HIDALGO,1,0,0,0,0,0,0,2019
VILLA PURIFICACIÓN,0,6,0,0,0,0,0,2019
YAHUALICA DE GONZÁLEZ GALLO,3,0,0,0,0,0,0,2019
ZACOALCO DE TORRES,1,2,0,0,0,0,0,2019
ZAPOPAN,128,12,18,7,0,18,1,2019
ZAPOTILTIC,2,0,0,0,0,0,0,2019
ZAPOTLÁN DEL REY ,0,0,0,0,0,0,0,2019
ZAPOTLÁN EL GRANDE,9,0,0,0,0,0,8,2019
ZAPOTLANEJO,5,0,0,0,0,0,0,2019
MUNICIPIO,[Centros de convenciones],"[Centros de
enseñanza
turística]","[Guías de
turistas]","Agencias de
 viajes y servicios
de reservaciones","Parques
acuáticos y
balnearios","Alquiler de
automóviles
sin chofer","[Campos
de golf]",2020
ACATIC,0,0,2,1,1,0,0,2020
ACATLÁN DE JUÁREZ,0,0,0,0,1,0,0,2020
AHUALULCO DE MERCADO,0,0,1,1,1,0,0,2020
AMACUECA,0,0,0,0,1,0,0,2020
AMATITÁN,0,0,2,0,3,0,0,2020
AMECA,0,0,0,5,1,0,0,2020
ARANDAS,0,0,0,10,0,0,0,2020
ATENGUILLO,0,0,0,1,0,0,0,2020
ATOTONILCO EL ALTO,0,0,0,7,0,0,0,2020
AUTLÁN DE NAVARRO,0,4,0,2,0,0,0,2020
AYOTLÁN,0,0,0,1,1,0,0,2020
AYUTLA,0,0,0,1,0,0,0,2020
CABO CORRIENTES,0,0,5,0,0,0,0,2020
CASIMIRO CASTILLO,0,0,0,1,3,0,0,2020
CHAPALA,0,0,4,2,0,1,1,2020
CIHUATLÁN,0,0,1,3,2,0,0,2020
COCULA,0,0,1,0,0,0,0,2020
CUQUÍO,0,0,0,2,0,0,0,2020
DEGOLLADO,0,0,0,1,0,0,0,2020
EL ARENAL ,0,0,2,0,0,0,0,2020
EL GRULLO,0,0,0,1,1,0,0,2020
EL LIMÓN,0,0,0,0,1,0,0,2020
EL SALTO,0,0,0,3,0,1,0,2020
ENCARNACIÓN DE DÍAZ,0,0,0,6,1,0,0,2020
ETZATLÁN,0,0,1,2,0,0,0,2020
GUADALAJARA,1,13,32,135,2,31,1,2020
HUEJÚCAR,0,0,0,1,0,0,0,2020
HUEJUQUILLA,0,0,0,0,1,0,0,2020
IXTLAHUACÁN DE LOS MEMBRILLOS,0,0,1,0,1,0,0,2020
IXTLAHUACÁN DEL  RÍO,0,0,0,1,0,0,0,2020
JALOSTOTITLÁN,0,0,0,5,0,0,0,2020
JAMAY,0,0,1,2,0,0,0,2020
JOCOTEPEC,0,0,0,3,4,0,0,2020
LA BARCA,0,0,0,4,0,1,0,2020
LA MANZANILLA DE LA PAZ,0,0,0,0,4,0,0,2020
LAGOS DE  MORENO ,0,0,8,8,5,0,0,2020
MAGDALENA,0,0,1,0,0,0,0,2020
MASCOTA,0,1,0,1,1,0,0,2020
MAZAMITLA,0,1,0,1,0,0,0,2020
MEXITCACAN,0,0,0,0,1,0,0,2020
OCOTLÁN,0,0,1,9,2,0,0,2020
PIHUAMO,0,0,0,0,1,0,0,2020
PONCITLÁN,0,0,1,0,0,0,0,2020
PUERTO VALLARTA,1,13,210,55,2,36,2,2020
SAN IGNACIO CERRO GORDO,0,0,0,3,0,0,0,2020
SAN JUAN DE LOS LAGOS,0,0,1,6,2,0,0,2020
SAN JUANITO DE ESCOBEDO,0,0,2,0,2,0,0,2020
SAN JULIÁN,0,0,0,0,1,0,0,2020
SAN MARCOS,0,0,2,0,0,0,0,2020
SAN MARTÍN HIDALGO,0,0,0,1,0,0,0,2020
SAN MIGUEL EL ALTO,0,0,0,3,0,0,0,2020
SAN PEDRO TLAQUEPAQUE,0,0,5,4,0,0,0,2020
SAN  SEBASTIÁN DEL  OESTE,0,0,1,0,0,0,0,2020
SAYULA,0,0,0,1,4,0,0,2020
TALA,0,0,1,2,1,0,0,2020
TAMAZULA DE GORDIANO,0,0,0,3,1,0,0,2020
TAPALPA,0,0,0,1,0,0,0,2020
TECALITLÁN,0,0,0,1,0,0,0,2020
TECOLOTLÁN,0,0,0,3,0,0,0,2020
TEOCALTICHE,0,0,0,2,0,0,0,2020
TEPATITLÁN DE MORELOS,0,0,2,24,2,0,0,2020
TEQUILA,0,1,74,6,4,0,0,2020
TEUCHITLÁN,0,0,11,0,2,0,0,2020
TIZAPÁN EL ALTO,0,0,0,2,4,0,0,2020
TLAJOMULCO DE ZÚÑIGA,0,2,2,5,2,2,0,2020
TONALÁ,0,5,1,7,7,1,0,2020
TONILÁ,0,0,1,0,0,0,0,2020
TONAYA,0,0,0,0,1,0,0,2020
TUXPAN,0,0,1,1,2,0,0,2020
VALLE DE GUADALUPE,0,0,1,1,0,0,0,2020
VILLA CORONA,0,0,0,2,1,0,0,2020
VILLA HIDALGO,0,0,0,1,0,0,0,2020
VILLA PURIFICACIÓN,0,0,0,0,6,0,0,2020
YAHUALICA DE GONZÁLEZ GALLO,0,0,0,3,0,0,0,2020
ZACOALCO DE TORRES,0,0,1,1,2,0,0,2020
ZAPOPAN,0,16,32,93,12,18,7,2020
ZAPOTILTIC,0,0,1,3,0,0,0,2020
ZAPOTLAN  DEL  REY,0,0,1,0,0,0,0,2020
ZAPOTLÁN EL GRANDE,0,0,8,9,0,0,0,2020
ZAPOTLANEJO,0,0,0,5,0,0,0,2020
